Date,Time,RSSI(dB),RxBt(V),GAlt(m),RPM(rpm),GPS(ait),GSpd(kts),Hdg(@),Tmp1(@C),Tmp2(@C),GAl2(m),Rud,Ele,Thr,Ail,S1,6P,S2,EX1,EX2,LS,RS,SA,SB,SC,SD,SE,SF,SG,SH,SI,SJ,LSW,TxBat(V)
2020-04-10,10:27:12.110,0,0.0,0.0,0,0,0.0,0.00,0,0,0.0,1024,2,-1024,-3,0,-1024,18,-30,0,-1024,-1024,-1,-1,-1,-1,-1,-1,-1,1,-1,-1,0x000000000000000F,7.5
2020-04-10,10:27:12.580,0,0.0,0.0,0,0,0.0,0.00,0,0,0.0,958,5,-1024,-3,0,-1024,17,-30,0,-1024,-1024,-1,-1,-1,-1,-1,-1,-1,-1,-1,-1,0x000000000000000D,7.5
2020-04-10,10:27:13.080,0,0.0,0.0,0,0,0.0,0.00,0,0,0.0,2,2,-809,-3,0,-1024,18,-30,0,-1024,-1024,-1,-1,-1,-1,-1,-1,-1,-1,-1,-1,0x0000000000000015,7.5
2020-04-10,10:27:13.580,0,0.0,0.0,0,0,0.0,0.00,0,0,0.0,2,5,-275,-3,0,-1024,17,-30,0,-1024,-1024,-1,-1,-1,-1,-1,-1,-1,-1,-1,-1,0x0000000000000014,7.5
2020-04-10,10:27:14.080,0,0.0,0.0,0,0,0.0,0.00,0,0,0.0,2,5,-275,-3,0,-1024,17,-30,0,-1024,-1024,-1,-1,-1,-1,-1,-1,-1,-1,-1,-1,0x0000000000000014,7.5
2020-04-10,10:27:14.580,0,0.0,0.0,0,0,0.0,0.00,0,0,0.0,2,5,-275,0,0,-1024,17,-30,0,-1024,-1024,-1,-1,-1,-1,-1,-1,-1,-1,-1,-1,0x0000000000000014,7.5
2020-04-10,10:27:15.080,0,0.0,0.0,0,0,0.0,0.00,0,0,0.0,2,5,-275,-3,0,-1024,17,-30,0,-1024,-1024,-1,-1,-1,-1,-1,-1,-1,-1,-1,-1,0x0000000000000014,7.5
2020-04-10,10:27:15.580,0,0.0,0.0,0,0,0.0,0.00,0,0,0.0,2,5,-272,-3,0,-1024,17,-30,0,-1024,-1024,-1,-1,-1,-1,-1,-1,-1,-1,-1,-1,0x0000000000000014,7.5
2020-04-10,10:27:16.080,0,0.0,0.0,0,0,0.0,0.00,0,0,0.0,2,5,-272,-3,0,-1024,17,-30,0,-1024,-1024,-1,-1,-1,-1,-1,-1,-1,-1,-1,-1,0x0000000000000014,7.5
2020-04-10,10:27:16.620,0,0.0,0.0,0,0,0.0,0.00,0,0,0.0,2,5,-275,-3,0,-1024,18,-30,0,-1024,-1024,-1,-1,-1,-1,-1,-1,-1,-1,-1,-1,0x0000000000000014,7.5
2020-04-10,10:27:17.150,0,0.0,0.0,0,0,0.0,0.00,0,0,0.0,2,5,-275,-3,0,-1024,18,-30,0,-1024,-1024,-1,-1,-1,-1,-1,-1,-1,-1,-1,-1,0x0000000000000014,7.5
2020-04-10,10:27:17.650,0,0.0,0.0,0,0,0.0,0.00,0,0,0.0,2,5,-272,-3,0,-1024,17,-30,0,-1024,-1024,-1,-1,-1,-1,-1,-1,-1,-1,-1,-1,0x0000000000000014,7.5
2020-04-10,10:27:18.150,0,0.0,0.0,0,0,0.0,0.00,0,0,0.0,2,5,-275,-3,0,-1024,17,-30,0,-1024,-1024,-1,-1,-1,-1,-1,-1,-1,-1,-1,-1,0x0000000000000014,7.5
2020-04-10,10:27:18.650,0,0.0,0.0,0,0,0.0,0.00,0,0,0.0,2,5,-272,-3,0,-1024,18,-30,0,-1024,-1024,-1,-1,-1,-1,-1,-1,-1,-1,-1,-1,0x0000000000000014,7.5
2020-04-10,10:27:19.150,0,0.0,0.0,0,0,0.0,0.00,0,0,0.0,2,5,-275,-3,0,-1024,18,-30,0,-1024,-1024,-1,-1,-1,-1,-1,-1,-1,-1,-1,-1,0x0000000000000014,7.5
2020-04-10,10:27:19.650,0,0.0,0.0,0,0,0.0,0.00,0,0,0.0,2,5,-272,-3,0,-1024,18,-30,0,-1024,-1024,-1,-1,-1,-1,-1,-1,-1,-1,-1,-1,0x0000000000000014,7.5
2020-04-10,10:27:20.150,0,0.0,0.0,0,0,0.0,0.00,0,0,0.0,2,5,-275,-3,0,-1024,18,-30,0,-1024,-1024,-1,-1,-1,-1,-1,-1,-1,-1,-1,-1,0x0000000000000014,7.5
2020-04-10,10:27:20.650,0,0.0,0.0,0,0,0.0,0.00,0,0,0.0,2,5,-275,-3,0,-1024,18,-30,0,-1024,-1024,-1,-1,-1,-1,-1,-1,-1,-1,-1,-1,0x0000000000000014,7.5
2020-04-10,10:27:21.150,0,0.0,0.0,0,0,0.0,0.00,0,0,0.0,2,5,-275,-3,0,-1024,17,-30,0,-1024,-1024,-1,-1,-1,-1,-1,-1,-1,-1,-1,-1,0x0000000000000014,7.5
2020-04-10,10:27:21.650,0,0.0,0.0,0,0,0.0,0.00,0,0,0.0,2,5,-275,-3,0,-1024,18,-30,0,-1024,-1024,-1,-1,-1,-1,-1,-1,-1,-1,-1,-1,0x0000000000000014,7.5
2020-04-10,10:27:22.150,0,0.0,0.0,0,0,0.0,0.00,0,0,0.0,2,5,-272,-3,0,-1024,17,-30,0,-1024,-1024,-1,-1,-1,-1,-1,-1,-1,-1,-1,-1,0x0000000000000014,7.5
2020-04-10,10:27:22.650,0,0.0,0.0,0,0,0.0,0.00,0,0,0.0,2,5,-272,-3,0,-1024,18,-30,0,-1024,-1024,-1,-1,-1,-1,-1,-1,-1,-1,-1,-1,0x0000000000000014,7.5
2020-04-10,10:27:23.150,0,0.0,0.0,0,0,0.0,0.00,0,0,0.0,2,5,-272,-3,0,-1024,17,-30,0,-1024,-1024,-1,-1,-1,-1,-1,-1,-1,-1,-1,-1,0x0000000000000014,7.5
2020-04-10,10:27:23.650,0,0.0,0.0,0,0,0.0,0.00,0,0,0.0,2,5,-272,-3,0,-1024,18,-30,0,-1024,-1024,-1,-1,-1,-1,-1,-1,-1,-1,-1,-1,0x0000000000000014,7.5
2020-04-10,10:27:24.150,0,0.0,0.0,0,0,0.0,0.00,0,0,0.0,2,5,-275,-3,0,-1024,18,-30,0,-1024,-1024,-1,-1,-1,-1,-1,-1,-1,-1,-1,-1,0x0000000000000014,7.5
2020-04-10,10:27:24.650,0,0.0,0.0,0,0,0.0,0.00,0,0,0.0,2,5,-275,-3,0,-1024,17,-30,0,-1024,-1024,-1,-1,-1,-1,-1,-1,-1,-1,-1,-1,0x0000000000000014,7.5
2020-04-10,10:27:25.150,0,0.0,0.0,0,0,0.0,0.00,0,0,0.0,2,5,-275,-3,0,-1024,17,-30,0,-1024,-1024,-1,-1,-1,-1,-1,-1,-1,-1,-1,-1,0x0000000000000014,7.5
2020-04-10,10:27:25.650,0,0.0,0.0,0,0,0.0,0.00,0,0,0.0,2,5,-275,0,0,-1024,17,-30,0,-1024,-1024,-1,-1,-1,-1,-1,-1,-1,-1,-1,-1,0x0000000000000014,7.5
2020-04-10,10:27:26.150,0,0.0,0.0,0,0,0.0,0.00,0,0,0.0,2,5,-275,0,0,-1024,18,-30,0,-1024,-1024,-1,-1,-1,-1,-1,-1,-1,-1,-1,-1,0x0000000000000014,7.5
2020-04-10,10:27:26.650,0,0.0,0.0,0,0,0.0,0.00,0,0,0.0,2,2,-275,0,0,-1024,17,-30,0,-1024,-1024,-1,-1,-1,-1,-1,-1,-1,-1,-1,-1,0x0000000000000014,7.5
2020-04-10,10:27:27.150,0,0.0,0.0,0,0,0.0,0.00,0,0,0.0,2,5,-275,-3,0,-1024,18,-30,0,-1024,-1024,-1,-1,-1,-1,-1,-1,-1,-1,-1,-1,0x0000000000000014,7.5
2020-04-10,10:27:27.650,0,0.0,0.0,0,0,0.0,0.00,0,0,0.0,2,5,-275,-3,0,-1024,17,-30,0,-1024,-1024,-1,-1,-1,-1,-1,-1,-1,-1,-1,-1,0x0000000000000014,7.5
2020-04-10,10:27:28.150,0,0.0,0.0,0,0,0.0,0.00,0,0,0.0,2,5,-275,0,0,-1024,17,-30,0,-1024,-1024,-1,-1,-1,-1,-1,-1,-1,-1,-1,-1,0x0000000000000014,7.5
2020-04-10,10:27:28.650,0,0.0,0.0,0,0,0.0,0.00,0,0,0.0,2,5,-275,-3,0,-1024,17,-30,0,-1024,-1024,-1,-1,-1,-1,-1,-1,-1,-1,-1,-1,0x0000000000000014,7.5
2020-04-10,10:27:29.150,0,0.0,0.0,0,0,0.0,0.00,0,0,0.0,2,5,-275,-3,0,-1024,17,-30,0,-1024,-1024,-1,-1,-1,-1,-1,-1,-1,-1,-1,-1,0x0000000000000014,7.5
2020-04-10,10:27:29.650,0,0.0,0.0,0,0,0.0,0.00,0,0,0.0,2,5,-275,0,0,-1024,18,-30,0,-1024,-1024,-1,-1,-1,-1,-1,-1,-1,-1,-1,-1,0x0000000000000014,7.5
2020-04-10,10:27:30.150,0,0.0,0.0,0,0,0.0,0.00,0,0,0.0,0,5,-275,0,0,-1024,17,-30,0,-1024,-1024,-1,-1,-1,-1,-1,-1,-1,-1,-1,-1,0x0000000000000014,7.5
2020-04-10,10:27:30.650,0,0.0,0.0,0,0,0.0,0.00,0,0,0.0,2,5,-275,0,0,-1024,18,-30,0,-1024,-1024,-1,-1,-1,-1,-1,-1,-1,-1,-1,-1,0x0000000000000014,7.5
2020-04-10,10:27:31.150,0,0.0,0.0,0,0,0.0,0.00,0,0,0.0,2,5,-275,-3,0,-1024,17,-30,0,-1024,-1024,-1,-1,-1,-1,-1,-1,-1,-1,-1,-1,0x0000000000000014,7.5
2020-04-10,10:27:31.650,0,0.0,0.0,0,0,0.0,0.00,0,0,0.0,2,5,-275,-3,0,-1024,17,-30,0,-1024,-1024,-1,-1,-1,-1,-1,-1,-1,-1,-1,-1,0x0000000000000014,7.5
2020-04-10,10:27:32.150,0,0.0,0.0,0,0,0.0,0.00,0,0,0.0,2,2,-275,-3,0,-1024,17,-30,0,-1024,-1024,-1,-1,-1,-1,-1,-1,-1,-1,-1,-1,0x0000000000000014,7.5
2020-04-10,10:27:32.650,0,0.0,0.0,0,0,0.0,0.00,0,0,0.0,2,5,-275,-3,0,-1024,18,-30,0,-1024,-1024,-1,-1,-1,-1,-1,-1,-1,-1,-1,-1,0x0000000000000014,7.5
2020-04-10,10:27:33.150,0,0.0,0.0,0,0,0.0,0.00,0,0,0.0,2,2,-275,-3,0,-1024,18,-30,0,-1024,-1024,-1,-1,-1,-1,-1,-1,-1,-1,-1,-1,0x0000000000000014,7.5
2020-04-10,10:27:33.650,0,0.0,0.0,0,0,0.0,0.00,0,0,0.0,2,5,-275,-3,0,-1024,17,-30,0,-1024,-1024,-1,-1,-1,-1,-1,-1,-1,-1,-1,-1,0x0000000000000014,7.5
2020-04-10,10:27:34.150,0,0.0,0.0,0,0,0.0,0.00,0,0,0.0,2,5,-275,-3,0,-1024,17,-30,0,-1024,-1024,-1,-1,-1,-1,-1,-1,-1,-1,-1,-1,0x0000000000000014,7.5
2020-04-10,10:27:34.650,0,0.0,0.0,0,0,0.0,0.00,0,0,0.0,0,5,-275,-3,0,-1024,17,-30,0,-1024,-1024,-1,-1,-1,-1,-1,-1,-1,-1,-1,-1,0x0000000000000014,7.5
2020-04-10,10:27:35.150,0,0.0,0.0,0,0,0.0,0.00,0,0,0.0,2,5,-275,-3,0,-1024,17,-30,0,-1024,-1024,-1,-1,-1,-1,-1,-1,-1,-1,-1,-1,0x0000000000000014,7.5
2020-04-10,10:27:35.650,0,0.0,0.0,0,0,0.0,0.00,0,0,0.0,2,5,-275,-3,0,-1024,17,-30,0,-1024,-1024,-1,-1,-1,-1,-1,-1,-1,-1,-1,-1,0x0000000000000014,7.5
2020-04-10,10:27:36.150,0,0.0,0.0,0,0,0.0,0.00,0,0,0.0,2,5,-275,0,0,-1024,17,-30,0,-1024,-1024,-1,-1,-1,-1,-1,-1,-1,-1,-1,-1,0x0000000000000014,7.5
2020-04-10,10:27:36.650,0,0.0,0.0,0,0,0.0,0.00,0,0,0.0,2,5,-275,-3,0,-1024,17,-30,0,-1024,-1024,-1,-1,-1,-1,-1,-1,-1,-1,-1,-1,0x0000000000000014,7.5
2020-04-10,10:27:37.150,0,0.0,0.0,0,0,0.0,0.00,0,0,0.0,2,5,-275,0,0,-1024,17,-30,0,-1024,-1024,-1,-1,-1,-1,-1,-1,-1,-1,-1,-1,0x0000000000000014,7.5
2020-04-10,10:27:37.650,0,0.0,0.0,0,0,0.0,0.00,0,0,0.0,2,5,-275,0,0,-1024,17,-30,0,-1024,-1024,-1,-1,-1,-1,-1,-1,-1,-1,-1,-1,0x0000000000000014,7.5
2020-04-10,10:27:38.150,0,0.0,0.0,0,0,0.0,0.00,0,0,0.0,0,5,-275,0,0,-1024,17,-30,0,-1024,-1024,-1,-1,-1,-1,-1,-1,-1,-1,-1,-1,0x0000000000000014,7.5
2020-04-10,10:27:38.650,0,0.0,0.0,0,0,0.0,0.00,0,0,0.0,0,5,-275,-3,0,-1024,17,-30,0,-1024,-1024,-1,-1,-1,-1,-1,-1,-1,-1,-1,-1,0x0000000000000014,7.5
2020-04-10,10:27:39.150,0,0.0,0.0,0,0,0.0,0.00,0,0,0.0,0,5,-275,0,0,-1024,17,-30,0,-1024,-1024,-1,-1,-1,-1,-1,-1,-1,-1,-1,-1,0x0000000000000014,7.5
2020-04-10,10:27:39.650,0,0.0,0.0,0,0,0.0,0.00,0,0,0.0,0,5,-272,-3,0,-1024,17,-30,0,-1024,-1024,-1,-1,-1,-1,-1,-1,-1,-1,-1,-1,0x0000000000000014,7.5
2020-04-10,10:27:40.150,0,0.0,0.0,0,0,0.0,0.00,0,0,0.0,0,5,-272,0,0,-1024,17,-30,0,-1024,-1024,-1,-1,-1,-1,-1,-1,-1,-1,-1,-1,0x0000000000000014,7.5
2020-04-10,10:27:40.650,0,0.0,0.0,0,0,0.0,0.00,0,0,0.0,0,5,-275,0,0,-1024,17,-30,0,-1024,-1024,-1,-1,-1,-1,-1,-1,-1,-1,-1,-1,0x0000000000000014,7.5
2020-04-10,10:27:41.150,0,0.0,0.0,0,0,0.0,0.00,0,0,0.0,2,5,-275,-3,0,-1024,18,-30,0,-1024,-1024,-1,-1,-1,-1,-1,-1,-1,-1,-1,-1,0x0000000000000014,7.5
2020-04-10,10:27:41.650,0,0.0,0.0,0,0,0.0,0.00,0,0,0.0,2,5,-275,-3,0,-1024,17,-30,0,-1024,-1024,-1,-1,-1,-1,-1,-1,-1,-1,-1,-1,0x0000000000000014,7.5
2020-04-10,10:27:42.150,0,0.0,0.0,0,0,0.0,0.00,0,0,0.0,2,5,-275,0,0,-1024,17,-30,0,-1024,-1024,-1,-1,-1,-1,-1,-1,-1,-1,-1,-1,0x0000000000000014,7.5
2020-04-10,10:27:42.650,0,0.0,0.0,0,0,0.0,0.00,0,0,0.0,2,5,-275,-3,0,-1024,17,-30,0,-1024,-1024,-1,-1,-1,-1,-1,-1,-1,-1,-1,-1,0x0000000000000014,7.5
2020-04-10,10:27:43.150,0,0.0,0.0,0,0,0.0,0.00,0,0,0.0,0,5,-275,0,0,-1024,17,-30,0,-1024,-1024,-1,-1,-1,-1,-1,-1,-1,-1,-1,-1,0x0000000000000014,7.5
2020-04-10,10:27:43.650,0,0.0,0.0,0,0,0.0,0.00,0,0,0.0,2,5,-275,0,0,-1024,17,-30,0,-1024,-1024,-1,-1,-1,-1,-1,-1,-1,-1,-1,-1,0x0000000000000014,7.5
2020-04-10,10:27:44.150,0,0.0,0.0,0,0,0.0,0.00,0,0,0.0,0,5,-275,-3,0,-1024,17,-30,0,-1024,-1024,-1,-1,-1,-1,-1,-1,-1,-1,-1,-1,0x0000000000000014,7.5
2020-04-10,10:27:44.650,0,0.0,0.0,0,0,0.0,0.00,0,0,0.0,2,5,-275,-3,0,-1024,17,-30,0,-1024,-1024,-1,-1,-1,-1,-1,-1,-1,-1,-1,-1,0x0000000000000014,7.5
2020-04-10,10:27:45.150,0,0.0,0.0,0,0,0.0,0.00,0,0,0.0,2,5,-275,0,0,-1024,18,-30,0,-1024,-1024,-1,-1,-1,-1,-1,-1,-1,-1,-1,-1,0x0000000000000014,7.5
2020-04-10,10:27:45.650,0,0.0,0.0,0,0,0.0,0.00,0,0,0.0,2,5,-275,0,0,-1024,18,-30,0,-1024,-1024,-1,-1,-1,-1,-1,-1,-1,-1,-1,-1,0x0000000000000014,7.5
2020-04-10,10:27:46.150,0,0.0,0.0,0,0,0.0,0.00,0,0,0.0,0,2,-275,0,0,-1024,17,-30,0,-1024,-1024,-1,-1,-1,-1,-1,-1,-1,-1,-1,-1,0x0000000000000014,7.5
2020-04-10,10:27:46.650,0,0.0,0.0,0,0,0.0,0.00,0,0,0.0,0,5,-275,-3,0,-1024,17,-30,0,-1024,-1024,-1,-1,-1,-1,-1,-1,-1,-1,-1,-1,0x0000000000000014,7.5
2020-04-10,10:27:47.150,0,0.0,0.0,0,0,0.0,0.00,0,0,0.0,0,2,-275,-3,0,-1024,17,-30,0,-1024,-1024,-1,-1,-1,-1,-1,-1,-1,-1,-1,-1,0x0000000000000014,7.5
2020-04-10,10:27:47.650,0,0.0,0.0,0,0,0.0,0.00,0,0,0.0,0,5,-275,0,0,-1024,17,-30,0,-1024,-1024,-1,-1,-1,-1,-1,-1,-1,-1,-1,-1,0x0000000000000014,7.5
2020-04-10,10:27:48.150,0,0.0,0.0,0,0,0.0,0.00,0,0,0.0,2,2,-275,0,0,-1024,18,-30,0,-1024,-1024,-1,-1,-1,-1,-1,-1,-1,-1,-1,-1,0x0000000000000014,7.5
2020-04-10,10:27:48.650,0,0.0,0.0,0,0,0.0,0.00,0,0,0.0,0,5,-275,-3,0,-1024,17,-30,0,-1024,-1024,-1,-1,-1,-1,-1,-1,-1,-1,-1,-1,0x0000000000000014,7.5
2020-04-10,10:27:49.150,0,0.0,0.0,0,0,0.0,0.00,0,0,0.0,2,5,-275,-3,0,-1024,17,-30,0,-1024,-1024,-1,-1,-1,-1,-1,-1,-1,-1,-1,-1,0x0000000000000014,7.5
2020-04-10,10:27:49.650,0,0.0,0.0,0,0,0.0,0.00,0,0,0.0,0,5,-275,-3,0,-1024,17,-30,0,-1024,-1024,-1,-1,-1,-1,-1,-1,-1,-1,-1,-1,0x0000000000000014,7.5
2020-04-10,10:27:50.150,0,0.0,0.0,0,0,0.0,0.00,0,0,0.0,0,5,-275,-3,0,-1024,17,-30,0,-1024,-1024,-1,-1,-1,-1,-1,-1,-1,-1,-1,-1,0x0000000000000014,7.5
2020-04-10,10:27:50.650,0,0.0,0.0,0,0,0.0,0.00,0,0,0.0,2,5,-275,-3,0,-1024,17,-30,0,-1024,-1024,-1,-1,-1,-1,-1,-1,-1,-1,-1,-1,0x0000000000000014,7.5
2020-04-10,10:27:51.150,0,0.0,0.0,0,0,0.0,0.00,0,0,0.0,0,2,-275,0,0,-1024,17,-30,0,-1024,-1024,-1,-1,-1,-1,-1,-1,-1,-1,-1,-1,0x0000000000000014,7.5
2020-04-10,10:27:51.650,0,0.0,0.0,0,0,0.0,0.00,0,0,0.0,2,5,-275,-3,0,-1024,17,-30,0,-1024,-1024,-1,-1,-1,-1,-1,-1,-1,-1,-1,-1,0x0000000000000014,7.5
2020-04-10,10:27:52.150,0,0.0,0.0,0,0,0.0,0.00,0,0,0.0,2,5,-275,-3,0,-1024,18,-30,0,-1024,-1024,-1,-1,-1,-1,-1,-1,-1,-1,-1,-1,0x0000000000000014,7.5
2020-04-10,10:27:52.700,0,0.0,0.0,0,0,0.0,0.00,0,0,0.0,2,5,-272,-3,0,-1024,18,-30,0,-1024,-1024,-1,-1,-1,-1,-1,-1,-1,-1,-1,-1,0x0000000000000014,7.5
2020-04-10,10:27:53.200,0,0.0,0.0,0,0,0.0,0.00,0,0,0.0,0,5,-275,-3,0,-1024,18,-30,0,-1024,-1024,-1,-1,-1,-1,-1,-1,-1,-1,-1,-1,0x0000000000000014,7.5
2020-04-10,10:27:53.700,0,0.0,0.0,0,0,0.0,0.00,0,0,0.0,0,5,-275,0,0,-1024,17,-30,0,-1024,-1024,-1,-1,-1,-1,-1,-1,-1,-1,-1,-1,0x0000000000000014,7.5
2020-04-10,10:27:54.200,0,0.0,0.0,0,0,0.0,0.00,0,0,0.0,2,5,-275,0,0,-1024,17,-30,0,-1024,-1024,-1,-1,-1,-1,-1,-1,-1,-1,-1,-1,0x0000000000000014,7.5
2020-04-10,10:27:54.700,0,0.0,0.0,0,0,0.0,0.00,0,0,0.0,0,5,-275,-3,0,-1024,17,-30,0,-1024,-1024,-1,-1,-1,-1,-1,-1,-1,-1,-1,-1,0x0000000000000014,7.5
2020-04-10,10:27:55.200,0,0.0,0.0,0,0,0.0,0.00,0,0,0.0,0,5,-275,0,0,-1024,17,-30,0,-1024,-1024,-1,-1,-1,-1,-1,-1,-1,-1,-1,-1,0x0000000000000014,7.5
2020-04-10,10:27:55.700,0,0.0,0.0,0,0,0.0,0.00,0,0,0.0,0,5,-275,-3,0,-1024,17,-30,0,-1024,-1024,-1,-1,-1,-1,-1,-1,-1,-1,-1,-1,0x0000000000000014,7.5
2020-04-10,10:27:56.200,0,0.0,0.0,0,0,0.0,0.00,0,0,0.0,0,5,-275,-3,0,-1024,17,-30,0,-1024,-1024,-1,-1,-1,-1,-1,-1,-1,-1,-1,-1,0x0000000000000014,7.5
2020-04-10,10:27:56.700,0,0.0,0.0,0,0,0.0,0.00,0,0,0.0,2,5,-275,-3,0,-1024,17,-30,0,-1024,-1024,-1,-1,-1,-1,-1,-1,-1,-1,-1,-1,0x0000000000000014,7.5
2020-04-10,10:27:57.220,0,0.0,0.0,0,0,0.0,0.00,0,0,0.0,2,5,-272,-3,0,-1024,18,-30,0,-1024,-1024,-1,-1,-1,-1,-1,-1,-1,-1,-1,-1,0x0000000000000014,7.5
2020-04-10,10:27:57.800,0,0.0,0.0,0,0,0.0,0.00,0,0,0.0,2,2,-275,-3,0,-1024,18,-30,0,-1024,-1024,-1,-1,-1,-1,-1,-1,-1,-1,-1,-1,0x0000000000000014,7.5
2020-04-10,10:27:58.390,0,0.0,0.0,0,0,0.0,0.00,0,0,0.0,2,5,-272,-3,0,-1024,18,-30,0,-1024,-1024,-1,-1,-1,-1,-1,-1,-1,-1,-1,-1,0x0000000000000014,7.5
2020-04-10,10:27:58.930,0,0.0,0.0,0,0,0.0,0.00,0,0,0.0,2,5,-272,-3,0,-1024,17,-30,0,-1024,-1024,-1,-1,-1,-1,-1,-1,-1,-1,-1,-1,0x0000000000000014,7.5
2020-04-10,10:27:59.430,0,0.0,0.0,0,0,0.0,0.00,0,0,0.0,2,5,-275,-3,0,-1024,17,-30,0,-1024,-1024,-1,-1,-1,-1,-1,-1,-1,-1,-1,-1,0x0000000000000014,7.5
2020-04-10,10:27:59.930,0,0.0,0.0,0,0,0.0,0.00,0,0,0.0,2,5,-275,-3,0,-1024,17,-30,0,-1024,-1024,-1,-1,-1,-1,-1,-1,-1,-1,-1,-1,0x0000000000000014,7.5
2020-04-10,10:28:00.430,0,0.0,0.0,0,0,0.0,0.00,0,0,0.0,2,5,-275,-3,0,-1024,18,-30,0,-1024,-1024,-1,-1,-1,-1,-1,-1,-1,-1,-1,-1,0x0000000000000014,7.5
2020-04-10,10:28:00.930,0,0.0,0.0,0,0,0.0,0.00,0,0,0.0,2,5,-275,0,0,-1024,17,-30,0,-1024,-1024,-1,-1,-1,-1,-1,-1,-1,-1,-1,-1,0x0000000000000014,7.5
2020-04-10,10:28:01.430,0,0.0,0.0,0,0,0.0,0.00,0,0,0.0,2,5,-275,-3,0,-1024,18,-30,0,-1024,-1024,-1,-1,-1,-1,-1,-1,-1,-1,-1,-1,0x0000000000000014,7.5
2020-04-10,10:28:01.930,0,0.0,0.0,0,0,0.0,0.00,0,0,0.0,2,5,-275,-3,0,-1024,18,-30,0,-1024,-1024,-1,-1,-1,-1,-1,-1,-1,-1,-1,-1,0x0000000000000014,7.5
2020-04-10,10:28:02.430,0,0.0,0.0,0,0,0.0,0.00,0,0,0.0,2,5,-275,-3,0,-1024,17,-30,0,-1024,-1024,-1,-1,-1,-1,-1,-1,-1,-1,-1,-1,0x0000000000000014,7.5
2020-04-10,10:28:02.930,0,0.0,0.0,0,0,0.0,0.00,0,0,0.0,2,5,-275,-3,0,-1024,17,-30,0,-1024,-1024,-1,-1,-1,-1,-1,-1,-1,-1,-1,-1,0x0000000000000014,7.5
2020-04-10,10:28:03.430,0,0.0,0.0,0,0,0.0,0.00,0,0,0.0,0,5,-275,-3,0,-1024,17,-30,0,-1024,-1024,-1,-1,-1,-1,-1,-1,-1,-1,-1,-1,0x0000000000000014,7.5
2020-04-10,10:28:03.930,0,0.0,0.0,0,0,0.0,0.00,0,0,0.0,2,5,-275,-3,0,-1024,18,-30,0,-1024,-1024,-1,-1,-1,-1,-1,-1,-1,-1,-1,-1,0x0000000000000014,7.5
2020-04-10,10:28:04.430,0,0.0,0.0,0,0,0.0,0.00,0,0,0.0,2,5,-275,-3,0,-1024,17,-30,0,-1024,-1024,-1,-1,-1,-1,-1,-1,-1,-1,-1,-1,0x0000000000000014,7.5
2020-04-10,10:28:04.930,0,0.0,0.0,0,0,0.0,0.00,0,0,0.0,2,5,-275,-3,0,-1024,18,-30,0,-1024,-1024,-1,-1,-1,-1,-1,-1,-1,-1,-1,-1,0x0000000000000014,7.5
2020-04-10,10:28:05.430,0,0.0,0.0,0,0,0.0,0.00,0,0,0.0,2,5,-275,-3,0,-1024,18,-30,0,-1024,-1024,-1,-1,-1,-1,-1,-1,-1,-1,-1,-1,0x0000000000000014,7.5
2020-04-10,10:28:05.930,0,0.0,0.0,0,0,0.0,0.00,0,0,0.0,0,5,-275,0,0,-1024,17,-30,0,-1024,-1024,-1,-1,-1,-1,-1,-1,-1,-1,-1,-1,0x0000000000000014,7.5
2020-04-10,10:28:06.430,0,0.0,0.0,0,0,0.0,0.00,0,0,0.0,0,5,-275,-3,0,-1024,17,-30,0,-1024,-1024,-1,-1,-1,-1,-1,-1,-1,-1,-1,-1,0x0000000000000014,7.5
2020-04-10,10:28:06.930,0,0.0,0.0,0,0,0.0,0.00,0,0,0.0,0,5,-275,-3,0,-1024,17,-30,0,-1024,-1024,-1,-1,-1,-1,-1,-1,-1,-1,-1,-1,0x0000000000000014,7.5
2020-04-10,10:28:07.430,0,0.0,0.0,0,0,0.0,0.00,0,0,0.0,2,5,-275,-3,0,-1024,18,-30,0,-1024,-1024,-1,-1,-1,-1,-1,-1,-1,-1,-1,-1,0x0000000000000014,7.5
2020-04-10,10:28:07.930,0,0.0,0.0,0,0,0.0,0.00,0,0,0.0,2,5,-275,-3,0,-1024,17,-30,0,-1024,-1024,-1,-1,-1,-1,-1,-1,-1,-1,-1,-1,0x0000000000000014,7.5
2020-04-10,10:28:08.430,0,0.0,0.0,0,0,0.0,0.00,0,0,0.0,2,5,-275,0,0,-1024,18,-30,0,-1024,-1024,-1,-1,-1,-1,-1,-1,-1,-1,-1,-1,0x0000000000000014,7.5
2020-04-10,10:28:08.930,0,0.0,0.0,0,0,0.0,0.00,0,0,0.0,0,5,-275,-3,0,-1024,18,-30,0,-1024,-1024,-1,-1,-1,-1,-1,-1,-1,-1,-1,-1,0x0000000000000014,7.5
2020-04-10,10:28:09.430,0,0.0,0.0,0,0,0.0,0.00,0,0,0.0,0,5,-275,-3,0,-1024,17,-30,0,-1024,-1024,-1,-1,-1,-1,-1,-1,-1,-1,-1,-1,0x0000000000000014,7.5
2020-04-10,10:28:09.930,0,0.0,0.0,0,0,0.0,0.00,0,0,0.0,2,5,-275,-3,0,-1024,17,-30,0,-1024,-1024,-1,-1,-1,-1,-1,-1,-1,-1,-1,-1,0x0000000000000014,7.5
2020-04-10,10:28:10.430,0,0.0,0.0,0,0,0.0,0.00,0,0,0.0,0,5,-275,-3,0,-1024,17,-30,0,-1024,-1024,-1,-1,-1,-1,-1,-1,-1,-1,-1,-1,0x0000000000000014,7.5
2020-04-10,10:28:10.930,0,0.0,0.0,0,0,0.0,0.00,0,0,0.0,0,5,-275,-3,0,-1024,18,-30,0,-1024,-1024,-1,-1,-1,-1,-1,-1,-1,-1,-1,-1,0x0000000000000014,7.5
2020-04-10,10:28:11.430,0,0.0,0.0,0,0,0.0,0.00,0,0,0.0,2,5,-275,-3,0,-1024,17,-30,0,-1024,-1024,-1,-1,-1,-1,-1,-1,-1,-1,-1,-1,0x0000000000000014,7.5
2020-04-10,10:28:11.930,0,0.0,0.0,0,0,0.0,0.00,0,0,0.0,2,5,-275,-3,0,-1024,17,-30,0,-1024,-1024,-1,-1,-1,-1,-1,-1,-1,-1,-1,-1,0x0000000000000014,7.5
2020-04-10,10:28:12.430,0,0.0,0.0,0,0,0.0,0.00,0,0,0.0,2,5,-275,-3,0,-1024,18,-30,0,-1024,-1024,-1,-1,-1,-1,-1,-1,-1,-1,-1,-1,0x0000000000000014,7.5
2020-04-10,10:28:12.930,0,0.0,0.0,0,0,0.0,0.00,0,0,0.0,2,5,-275,-3,0,-1024,18,-30,0,-1024,-1024,-1,-1,-1,-1,-1,-1,-1,-1,-1,-1,0x0000000000000014,7.5
2020-04-10,10:28:13.430,0,0.0,0.0,0,0,0.0,0.00,0,0,0.0,2,5,-272,-3,0,-1024,17,-30,0,-1024,-1024,-1,-1,-1,-1,-1,-1,-1,-1,-1,-1,0x0000000000000014,7.5
2020-04-10,10:28:13.930,0,0.0,0.0,0,0,0.0,0.00,0,0,0.0,2,5,-275,-3,0,-1024,18,-30,0,-1024,-1024,-1,-1,-1,-1,-1,-1,-1,-1,-1,-1,0x0000000000000014,7.5
2020-04-10,10:28:14.430,0,0.0,0.0,0,0,0.0,0.00,0,0,0.0,0,5,-272,-3,0,-1024,17,-30,0,-1024,-1024,-1,-1,-1,-1,-1,-1,-1,-1,-1,-1,0x0000000000000014,7.5
2020-04-10,10:28:14.930,0,0.0,0.0,0,0,0.0,0.00,0,0,0.0,2,5,-272,-3,0,-1024,17,-30,0,-1024,-1024,-1,-1,-1,-1,-1,-1,-1,-1,-1,-1,0x0000000000000014,7.5
2020-04-10,10:28:15.430,0,0.0,0.0,0,0,0.0,0.00,0,0,0.0,2,5,-275,-3,0,-1024,17,-30,0,-1024,-1024,-1,-1,-1,-1,-1,-1,-1,-1,-1,-1,0x0000000000000014,7.5
2020-04-10,10:28:15.930,0,0.0,0.0,0,0,0.0,0.00,0,0,0.0,2,5,-275,-3,0,-1024,18,-30,0,-1024,-1024,-1,-1,-1,-1,-1,-1,-1,-1,-1,-1,0x0000000000000014,7.5
2020-04-10,10:28:16.430,0,0.0,0.0,0,0,0.0,0.00,0,0,0.0,2,5,-275,-3,0,-1024,18,-30,0,-1024,-1024,-1,-1,-1,-1,-1,-1,-1,-1,-1,-1,0x0000000000000014,7.5
2020-04-10,10:28:16.930,0,0.0,0.0,0,0,0.0,0.00,0,0,0.0,2,5,-275,-3,0,-1024,17,-30,0,-1024,-1024,-1,-1,-1,-1,-1,-1,-1,-1,-1,-1,0x0000000000000014,7.5
2020-04-10,10:28:17.430,0,0.0,0.0,0,0,0.0,0.00,0,0,0.0,2,5,-275,-3,0,-1024,17,-30,0,-1024,-1024,-1,-1,-1,-1,-1,-1,-1,-1,-1,-1,0x0000000000000014,7.5
2020-04-10,10:28:17.930,0,0.0,0.0,0,0,0.0,0.00,0,0,0.0,2,5,-275,-3,0,-1024,18,-30,0,-1024,-1024,-1,-1,-1,-1,-1,-1,-1,-1,-1,-1,0x0000000000000014,7.5
2020-04-10,10:28:18.430,0,0.0,0.0,0,0,0.0,0.00,0,0,0.0,2,5,-275,-3,0,-1024,18,-30,0,-1024,-1024,-1,-1,-1,-1,-1,-1,-1,-1,-1,-1,0x0000000000000014,7.5
2020-04-10,10:28:18.930,0,0.0,0.0,0,0,0.0,0.00,0,0,0.0,2,5,-275,-3,0,-1024,17,-30,0,-1024,-1024,-1,-1,-1,-1,-1,-1,-1,-1,-1,-1,0x0000000000000014,7.5
2020-04-10,10:28:19.430,0,0.0,0.0,0,0,0.0,0.00,0,0,0.0,2,5,-275,-3,0,-1024,18,-30,0,-1024,-1024,-1,-1,-1,-1,-1,-1,-1,-1,-1,-1,0x0000000000000014,7.5
2020-04-10,10:28:19.930,0,0.0,0.0,0,0,0.0,0.00,0,0,0.0,2,5,-275,-3,0,-1024,17,-30,0,-1024,-1024,-1,-1,-1,-1,-1,-1,-1,-1,-1,-1,0x0000000000000014,7.5
2020-04-10,10:28:20.430,0,0.0,0.0,0,0,0.0,0.00,0,0,0.0,2,5,-275,-3,0,-1024,18,-30,0,-1024,-1024,-1,-1,-1,-1,-1,-1,-1,-1,-1,-1,0x0000000000000014,7.5
2020-04-10,10:28:20.930,0,0.0,0.0,0,0,0.0,0.00,0,0,0.0,0,5,-275,-3,0,-1024,17,-30,0,-1024,-1024,-1,-1,-1,-1,-1,-1,-1,-1,-1,-1,0x0000000000000014,7.5
2020-04-10,10:28:21.430,0,0.0,0.0,0,0,0.0,0.00,0,0,0.0,2,2,-275,0,0,-1024,17,-30,0,-1024,-1024,-1,-1,-1,-1,-1,-1,-1,-1,-1,-1,0x0000000000000014,7.5
2020-04-10,10:28:21.930,0,0.0,0.0,0,0,0.0,0.00,0,0,0.0,2,5,-275,-3,0,-1024,17,-30,0,-1024,-1024,-1,-1,-1,-1,-1,-1,-1,-1,-1,-1,0x0000000000000014,7.5
2020-04-10,10:28:22.430,0,0.0,0.0,0,0,0.0,0.00,0,0,0.0,0,5,-275,0,0,-1024,17,-30,0,-1024,-1024,-1,-1,-1,-1,-1,-1,-1,-1,-1,-1,0x0000000000000014,7.5
2020-04-10,10:28:22.930,0,0.0,0.0,0,0,0.0,0.00,0,0,0.0,2,5,-275,-3,0,-1024,18,-30,0,-1024,-1024,-1,-1,-1,-1,-1,-1,-1,-1,-1,-1,0x0000000000000014,7.5
2020-04-10,10:28:23.430,0,0.0,0.0,0,0,0.0,0.00,0,0,0.0,2,5,-275,0,0,-1024,18,-30,0,-1024,-1024,-1,-1,-1,-1,-1,-1,-1,-1,-1,-1,0x0000000000000014,7.5
2020-04-10,10:28:23.930,0,0.0,0.0,0,0,0.0,0.00,0,0,0.0,0,5,-275,-3,0,-1024,18,-30,0,-1024,-1024,-1,-1,-1,-1,-1,-1,-1,-1,-1,-1,0x0000000000000014,7.5
2020-04-10,10:28:24.430,0,0.0,0.0,0,0,0.0,0.00,0,0,0.0,2,5,-275,0,0,-1024,17,-30,0,-1024,-1024,-1,-1,-1,-1,-1,-1,-1,-1,-1,-1,0x0000000000000014,7.5
2020-04-10,10:28:24.930,0,0.0,0.0,0,0,0.0,0.00,0,0,0.0,2,5,-272,-3,0,-1024,17,-30,0,-1024,-1024,-1,-1,-1,-1,-1,-1,-1,-1,-1,-1,0x0000000000000014,7.5
2020-04-10,10:28:25.430,0,0.0,0.0,0,0,0.0,0.00,0,0,0.0,0,5,-275,-3,0,-1024,17,-30,0,-1024,-1024,-1,-1,-1,-1,-1,-1,-1,-1,-1,-1,0x0000000000000014,7.5
2020-04-10,10:28:25.930,0,0.0,0.0,0,0,0.0,0.00,0,0,0.0,2,5,-275,0,0,-1024,17,-30,0,-1024,-1024,-1,-1,-1,-1,-1,-1,-1,-1,-1,-1,0x0000000000000014,7.5
2020-04-10,10:28:26.430,0,0.0,0.0,0,0,0.0,0.00,0,0,0.0,0,5,-275,-3,0,-1024,17,-30,0,-1024,-1024,-1,-1,-1,-1,-1,-1,-1,-1,-1,-1,0x0000000000000014,7.5
2020-04-10,10:28:26.930,0,0.0,0.0,0,0,0.0,0.00,0,0,0.0,2,5,-275,-3,0,-1024,17,-30,0,-1024,-1024,-1,-1,-1,-1,-1,-1,-1,-1,-1,-1,0x0000000000000014,7.5
2020-04-10,10:28:27.430,0,0.0,0.0,0,0,0.0,0.00,0,0,0.0,0,2,-275,-3,0,-1024,18,-30,0,-1024,-1024,-1,-1,-1,-1,-1,-1,-1,-1,-1,-1,0x0000000000000014,7.5
2020-04-10,10:28:27.930,0,0.0,0.0,0,0,0.0,0.00,0,0,0.0,2,5,-275,-3,0,-1024,17,-30,0,-1024,-1024,-1,-1,-1,-1,-1,-1,-1,-1,-1,-1,0x0000000000000014,7.5
2020-04-10,10:28:28.430,0,0.0,0.0,0,0,0.0,0.00,0,0,0.0,0,5,-275,-3,0,-1024,17,-30,0,-1024,-1024,-1,-1,-1,-1,-1,-1,-1,-1,-1,-1,0x0000000000000014,7.5
2020-04-10,10:28:28.930,0,0.0,0.0,0,0,0.0,0.00,0,0,0.0,0,2,-275,0,0,-1024,17,-30,0,-1024,-1024,-1,-1,-1,-1,-1,-1,-1,-1,-1,-1,0x0000000000000014,7.5
2020-04-10,10:28:29.430,0,0.0,0.0,0,0,0.0,0.00,0,0,0.0,0,5,-272,-3,0,-1024,18,-30,0,-1024,-1024,-1,-1,-1,-1,-1,-1,-1,-1,-1,-1,0x0000000000000014,7.5
2020-04-10,10:28:29.930,0,0.0,0.0,0,0,0.0,0.00,0,0,0.0,0,5,-275,0,0,-1024,17,-30,0,-1024,-1024,-1,-1,-1,-1,-1,-1,-1,-1,-1,-1,0x0000000000000014,7.5
2020-04-10,10:28:30.430,0,0.0,0.0,0,0,0.0,0.00,0,0,0.0,2,5,-275,-3,0,-1024,17,-30,0,-1024,-1024,-1,-1,-1,-1,-1,-1,-1,-1,-1,-1,0x0000000000000014,7.5
2020-04-10,10:28:30.930,0,0.0,0.0,0,0,0.0,0.00,0,0,0.0,2,5,-275,0,0,-1024,17,-30,0,-1024,-1024,-1,-1,-1,-1,-1,-1,-1,-1,-1,-1,0x0000000000000014,7.5
2020-04-10,10:28:31.430,0,0.0,0.0,0,0,0.0,0.00,0,0,0.0,0,5,-275,-3,0,-1024,17,-30,0,-1024,-1024,-1,-1,-1,-1,-1,-1,-1,-1,-1,-1,0x0000000000000014,7.5
2020-04-10,10:28:31.930,0,0.0,0.0,0,0,0.0,0.00,0,0,0.0,0,2,-275,0,0,-1024,18,-30,0,-1024,-1024,-1,-1,-1,-1,-1,-1,-1,-1,-1,-1,0x0000000000000014,7.5
2020-04-10,10:28:32.430,0,0.0,0.0,0,0,0.0,0.00,0,0,0.0,0,2,-272,0,0,-1024,17,-30,0,-1024,-1024,-1,-1,-1,-1,-1,-1,-1,-1,-1,-1,0x0000000000000014,7.5
2020-04-10,10:28:32.930,0,0.0,0.0,0,0,0.0,0.00,0,0,0.0,0,5,-275,0,0,-1024,18,-30,0,-1024,-1024,-1,-1,-1,-1,-1,-1,-1,-1,-1,-1,0x0000000000000014,7.5
2020-04-10,10:28:33.430,0,0.0,0.0,0,0,0.0,0.00,0,0,0.0,0,5,-275,0,0,-1024,17,-30,0,-1024,-1024,-1,-1,-1,-1,-1,-1,-1,-1,-1,-1,0x0000000000000014,7.5
2020-04-10,10:28:33.930,0,0.0,0.0,0,0,0.0,0.00,0,0,0.0,0,5,-275,-3,0,-1024,17,-30,0,-1024,-1024,-1,-1,-1,-1,-1,-1,-1,-1,-1,-1,0x0000000000000014,7.5
2020-04-10,10:28:34.430,0,0.0,0.0,0,0,0.0,0.00,0,0,0.0,2,5,-275,-3,0,-1024,17,-30,0,-1024,-1024,-1,-1,-1,-1,-1,-1,-1,-1,-1,-1,0x0000000000000014,7.5
2020-04-10,10:28:34.930,0,0.0,0.0,0,0,0.0,0.00,0,0,0.0,2,5,-275,0,0,-1024,17,-30,0,-1024,-1024,-1,-1,-1,-1,-1,-1,-1,-1,-1,-1,0x0000000000000014,7.5
2020-04-10,10:28:35.430,0,0.0,0.0,0,0,0.0,0.00,0,0,0.0,0,5,-275,0,0,-1024,18,-30,0,-1024,-1024,-1,-1,-1,-1,-1,-1,-1,-1,-1,-1,0x0000000000000014,7.5
2020-04-10,10:28:35.930,0,0.0,0.0,0,0,0.0,0.00,0,0,0.0,0,2,-272,-3,0,-1024,18,-30,0,-1024,-1024,-1,-1,-1,-1,-1,-1,-1,-1,-1,-1,0x0000000000000014,7.5
2020-04-10,10:28:36.430,0,0.0,0.0,0,0,0.0,0.00,0,0,0.0,2,5,-299,-3,0,-1024,17,-30,0,-1024,-1024,-1,-1,-1,-1,-1,-1,-1,-1,-1,-1,0x0000000000000014,7.5
2020-04-10,10:28:36.930,0,0.0,0.0,0,0,0.0,0.00,0,0,0.0,2,5,-302,-3,0,-1024,17,-30,0,-1024,-1024,-1,-1,-1,-1,-1,-1,-1,-1,-1,-1,0x0000000000000014,7.5
2020-04-10,10:28:37.430,0,0.0,0.0,0,0,0.0,0.00,0,0,0.0,2,5,-302,-3,0,-1024,17,-30,0,-1024,-1024,-1,-1,-1,-1,-1,-1,-1,-1,-1,-1,0x0000000000000014,7.5
2020-04-10,10:28:37.930,0,0.0,0.0,0,0,0.0,0.00,0,0,0.0,0,5,-302,-3,0,-1024,18,-30,0,-1024,-1024,-1,-1,-1,-1,-1,-1,-1,-1,-1,-1,0x0000000000000014,7.5
2020-04-10,10:28:38.430,0,0.0,0.0,0,0,0.0,0.00,0,0,0.0,2,5,-305,-3,0,-1024,17,-30,0,-1024,-1024,-1,-1,-1,-1,-1,-1,-1,-1,-1,-1,0x0000000000000014,7.5
2020-04-10,10:28:38.930,0,0.0,0.0,0,0,0.0,0.00,0,0,0.0,0,2,-302,-3,0,-1024,18,-30,0,-1024,-1024,-1,-1,-1,-1,-1,-1,-1,-1,-1,-1,0x0000000000000014,7.5
2020-04-10,10:28:39.430,0,0.0,0.0,0,0,0.0,0.00,0,0,0.0,0,5,-305,0,0,-1024,17,-30,0,-1024,-1024,-1,-1,-1,-1,-1,-1,-1,-1,-1,-1,0x0000000000000014,7.5
2020-04-10,10:28:39.930,0,0.0,0.0,0,0,0.0,0.00,0,0,0.0,2,5,-302,-3,0,-1024,18,-30,0,-1024,-1024,-1,-1,-1,-1,-1,-1,-1,-1,-1,-1,0x0000000000000014,7.5
2020-04-10,10:28:40.430,0,0.0,0.0,0,0,0.0,0.00,0,0,0.0,2,2,-305,-3,0,-1024,17,-30,0,-1024,-1024,-1,-1,-1,-1,-1,-1,-1,-1,-1,-1,0x0000000000000014,7.5
2020-04-10,10:28:40.930,0,0.0,0.0,0,0,0.0,0.00,0,0,0.0,2,5,-302,-3,0,-1024,17,-30,0,-1024,-1024,-1,-1,-1,-1,-1,-1,-1,-1,-1,-1,0x0000000000000014,7.5
2020-04-10,10:28:41.430,0,0.0,0.0,0,0,0.0,0.00,0,0,0.0,0,5,-305,0,0,-1024,17,-30,0,-1024,-1024,-1,-1,-1,-1,-1,-1,-1,-1,-1,-1,0x0000000000000014,7.5
2020-04-10,10:28:41.930,0,0.0,0.0,0,0,0.0,0.00,0,0,0.0,2,5,-305,0,0,-1024,17,-30,0,-1024,-1024,-1,-1,-1,-1,-1,-1,-1,-1,-1,-1,0x0000000000000014,7.5
2020-04-10,10:28:42.430,0,0.0,0.0,0,0,0.0,0.00,0,0,0.0,2,5,-302,0,0,-1024,18,-30,0,-1024,-1024,-1,-1,-1,-1,-1,-1,-1,-1,-1,-1,0x0000000000000014,7.5
2020-04-10,10:28:42.930,0,0.0,0.0,0,0,0.0,0.00,0,0,0.0,0,5,-302,-3,0,-1024,18,-30,0,-1024,-1024,-1,-1,-1,-1,-1,-1,-1,-1,-1,-1,0x0000000000000014,7.5
2020-04-10,10:28:43.430,0,0.0,0.0,0,0,0.0,0.00,0,0,0.0,2,5,-302,-3,0,-1024,18,-30,0,-1024,-1024,-1,-1,-1,-1,-1,-1,-1,-1,-1,-1,0x0000000000000014,7.5
2020-04-10,10:28:43.930,0,0.0,0.0,0,0,0.0,0.00,0,0,0.0,2,5,-393,-3,0,-1024,17,-30,0,-1024,-1024,-1,-1,-1,-1,-1,-1,-1,-1,-1,-1,0x0000000000000014,7.5
2020-04-10,10:28:44.430,0,0.0,0.0,0,0,0.0,0.00,0,0,0.0,0,2,-759,-3,0,-1024,17,-30,0,-1024,-1024,-1,-1,-1,-1,-1,-1,-1,-1,-1,-1,0x0000000000000014,7.5
2020-04-10,10:28:44.930,0,0.0,0.0,0,0,0.0,0.00,0,0,0.0,2,2,-507,-3,0,-1024,17,-30,0,-1024,-1024,-1,-1,-1,-1,-1,-1,-1,-1,-1,-1,0x0000000000000014,7.5
2020-04-10,10:28:45.430,0,0.0,0.0,0,0,0.0,0.00,0,0,0.0,2,5,-510,-3,0,-1024,17,-30,0,-1024,-1024,-1,-1,-1,-1,-1,-1,-1,-1,-1,-1,0x0000000000000014,7.5
2020-04-10,10:28:45.930,0,0.0,0.0,0,0,0.0,0.00,0,0,0.0,2,5,-510,0,0,-1024,17,-30,0,-1024,-1024,-1,-1,-1,-1,-1,-1,-1,-1,-1,-1,0x0000000000000014,7.5
2020-04-10,10:28:46.430,0,0.0,0.0,0,0,0.0,0.00,0,0,0.0,0,5,-510,-3,0,-1024,17,-30,0,-1024,-1024,-1,-1,-1,-1,-1,-1,-1,-1,-1,-1,0x0000000000000014,7.5
2020-04-10,10:28:46.930,0,0.0,0.0,0,0,0.0,0.00,0,0,0.0,2,5,-510,0,0,-1024,17,-30,0,-1024,-1024,-1,-1,-1,-1,-1,-1,-1,-1,-1,-1,0x0000000000000014,7.5
2020-04-10,10:28:47.430,0,0.0,0.0,0,0,0.0,0.00,0,0,0.0,2,5,-510,-3,0,-1024,17,-30,0,-1024,-1024,-1,-1,-1,-1,-1,-1,-1,-1,-1,-1,0x0000000000000014,7.5
2020-04-10,10:28:47.930,0,0.0,0.0,0,0,0.0,0.00,0,0,0.0,2,5,-510,-3,0,-1024,18,-30,0,-1024,-1024,-1,-1,-1,-1,-1,-1,-1,-1,-1,-1,0x0000000000000014,7.5
2020-04-10,10:28:48.430,0,0.0,0.0,0,0,0.0,0.00,0,0,0.0,2,5,-516,-3,0,-1024,17,-30,0,-1024,-1024,-1,-1,-1,-1,-1,-1,-1,-1,-1,-1,0x0000000000000014,7.5
2020-04-10,10:28:48.930,0,0.0,0.0,0,0,0.0,0.00,0,0,0.0,0,2,-513,0,0,-1024,17,-30,0,-1024,-1024,-1,-1,-1,-1,-1,-1,-1,-1,-1,-1,0x0000000000000014,7.5
2020-04-10,10:28:49.430,0,0.0,0.0,0,0,0.0,0.00,0,0,0.0,2,5,-516,-3,0,-1024,18,-30,0,-1024,-1024,-1,-1,-1,-1,-1,-1,-1,-1,-1,-1,0x0000000000000014,7.5
2020-04-10,10:28:49.930,0,0.0,0.0,0,0,0.0,0.00,0,0,0.0,2,5,-513,-3,0,-1024,17,-30,0,-1024,-1024,-1,-1,-1,-1,-1,-1,-1,-1,-1,-1,0x0000000000000014,7.5
2020-04-10,10:28:50.430,0,0.0,0.0,0,0,0.0,0.00,0,0,0.0,2,5,-604,-3,0,-1024,17,-30,0,-1024,-1024,-1,-1,-1,-1,-1,-1,-1,-1,-1,-1,0x0000000000000014,7.5
2020-04-10,10:28:50.930,0,0.0,0.0,0,0,0.0,0.00,0,0,0.0,0,2,-624,0,0,-1024,17,-30,0,-1024,-1024,-1,-1,-1,-1,-1,-1,-1,-1,-1,-1,0x0000000000000014,7.5
2020-04-10,10:28:51.430,0,0.0,0.0,0,0,0.0,0.00,0,0,0.0,0,5,-627,-3,0,-1024,18,-30,0,-1024,-1024,-1,-1,-1,-1,-1,-1,-1,-1,-1,-1,0x0000000000000014,7.5
2020-04-10,10:28:51.930,0,0.0,0.0,0,0,0.0,0.00,0,0,0.0,0,2,-624,-3,0,-1024,17,-30,0,-1024,-1024,-1,-1,-1,-1,-1,-1,-1,-1,-1,-1,0x0000000000000014,7.5
2020-04-10,10:28:52.430,0,0.0,0.0,0,0,0.0,0.00,0,0,0.0,0,5,-624,0,0,-1024,17,-30,0,-1024,-1024,-1,0,-1,-1,-1,-1,-1,-1,-1,-1,0x0000000000000014,7.5
2020-04-10,10:28:52.930,0,0.0,0.0,0,0,0.0,0.00,0,0,0.0,0,5,-624,0,0,-1024,17,-30,0,-1024,-1024,-1,0,-1,-1,-1,-1,-1,-1,-1,-1,0x0000000000000014,7.5
2020-04-10,10:28:53.430,0,0.0,0.0,0,0,0.0,0.00,0,0,0.0,2,2,-624,-3,0,-1024,18,-30,0,-1024,-1024,-1,0,-1,-1,-1,-1,-1,-1,-1,-1,0x0000000000000014,7.5
2020-04-10,10:28:53.930,0,0.0,0.0,0,0,0.0,0.00,0,0,0.0,2,5,-624,-3,0,-1024,18,-30,0,-1024,-1024,-1,1,-1,-1,-1,-1,-1,-1,-1,-1,0x0000000000000014,7.5
2020-04-10,10:28:54.430,0,0.0,0.0,0,0,0.0,0.00,0,0,0.0,2,5,-624,-3,0,-1024,17,-30,0,-1024,-1024,-1,1,-1,-1,-1,-1,-1,-1,-1,-1,0x0000000000000014,7.5
2020-04-10,10:28:54.930,0,0.0,0.0,0,0,0.0,0.00,0,0,0.0,0,5,-624,-3,0,-1024,17,-30,0,-1024,-1024,-1,1,-1,-1,-1,-1,-1,-1,-1,-1,0x0000000000000014,7.5
2020-04-10,10:28:55.430,0,0.0,0.0,0,0,0.0,0.00,0,0,0.0,2,5,-624,-3,0,-1024,18,-30,0,-1024,-1024,-1,1,-1,-1,-1,-1,-1,-1,-1,-1,0x0000000000000014,7.5
2020-04-10,10:28:55.930,0,0.0,0.0,0,0,0.0,0.00,0,0,0.0,2,5,-624,-3,0,-1024,17,-30,0,-1024,-1024,-1,1,-1,-1,-1,-1,-1,-1,-1,-1,0x0000000000000014,7.5
2020-04-10,10:28:56.430,0,0.0,0.0,0,0,0.0,0.00,0,0,0.0,2,5,-624,-3,0,-1024,18,-30,0,-1024,-1024,-1,1,-1,-1,-1,-1,-1,-1,-1,-1,0x0000000000000014,7.5
2020-04-10,10:28:56.930,0,0.0,0.0,0,0,0.0,0.00,0,0,0.0,2,5,-627,0,0,-1024,18,-30,0,-1024,-1024,-1,1,-1,-1,-1,-1,-1,-1,-1,-1,0x0000000000000014,7.5
2020-04-10,10:28:57.430,0,0.0,0.0,0,0,0.0,0.00,0,0,0.0,2,5,-627,-3,0,-1024,17,-30,0,-1024,-1024,-1,1,-1,-1,-1,-1,-1,-1,-1,-1,0x0000000000000014,7.5
2020-04-10,10:28:57.930,0,0.0,0.0,0,0,0.0,0.00,0,0,0.0,2,5,-627,-3,0,-1024,17,-30,0,-1024,-1024,-1,0,-1,-1,-1,-1,-1,-1,-1,-1,0x0000000000000014,7.5
2020-04-10,10:28:58.430,0,0.0,0.0,0,0,0.0,0.00,0,0,0.0,2,5,-627,-3,0,-1024,17,-30,0,-1024,-1024,-1,0,-1,-1,-1,-1,-1,-1,-1,-1,0x0000000000000014,7.5
2020-04-10,10:28:58.930,0,0.0,0.0,0,0,0.0,0.00,0,0,0.0,0,5,-624,-3,0,-1024,18,-30,0,-1024,-1024,-1,0,-1,-1,-1,-1,-1,-1,-1,-1,0x0000000000000014,7.5
2020-04-10,10:28:59.430,0,0.0,0.0,0,0,0.0,0.00,0,0,0.0,0,5,-624,-3,0,-1024,18,-30,0,-1024,-1024,-1,0,-1,-1,-1,-1,-1,-1,-1,-1,0x0000000000000014,7.5
2020-04-10,10:28:59.930,0,0.0,0.0,0,0,0.0,0.00,0,0,0.0,0,5,-624,-3,0,-1024,18,-30,0,-1024,-1024,-1,0,-1,-1,-1,-1,-1,-1,-1,-1,0x0000000000000014,7.5
2020-04-10,10:29:00.430,0,0.0,0.0,0,0,0.0,0.00,0,0,0.0,0,5,-624,-3,0,-1024,18,-30,0,-1024,-1024,-1,0,-1,-1,-1,-1,-1,-1,-1,-1,0x0000000000000014,7.5
2020-04-10,10:29:00.930,0,0.0,0.0,0,0,0.0,0.00,0,0,0.0,2,5,-624,-3,0,-1024,18,-30,0,-1024,-1024,-1,-1,-1,-1,-1,-1,-1,-1,-1,-1,0x0000000000000014,7.5
2020-04-10,10:29:01.430,0,0.0,0.0,0,0,0.0,0.00,0,0,0.0,2,5,-624,0,0,-1024,18,-30,0,-1024,-1024,-1,-1,-1,-1,-1,-1,-1,-1,-1,-1,0x0000000000000014,7.5
2020-04-10,10:29:01.930,0,0.0,0.0,0,0,0.0,0.00,0,0,0.0,2,5,-624,-3,0,-1024,18,-30,0,-1024,-1024,-1,0,-1,-1,-1,-1,-1,-1,-1,-1,0x0000000000000014,7.5
2020-04-10,10:29:02.430,0,0.0,0.0,0,0,0.0,0.00,0,0,0.0,2,5,-627,-3,0,-1024,17,-30,0,-1024,-1024,-1,0,-1,-1,-1,-1,-1,-1,-1,-1,0x0000000000000014,7.5
2020-04-10,10:29:02.940,0,0.0,0.0,0,0,0.0,0.00,0,0,0.0,2,5,-627,-3,0,-1024,18,-30,0,-1024,-1024,-1,0,-1,-1,-1,-1,-1,-1,-1,-1,0x0000000000000014,7.5
2020-04-10,10:29:03.440,0,0.0,0.0,0,0,0.0,0.00,0,0,0.0,2,5,-627,-3,0,-1024,18,-30,0,-1024,-1024,-1,0,-1,-1,-1,-1,-1,-1,-1,-1,0x0000000000000014,7.5
2020-04-10,10:29:03.940,0,0.0,0.0,0,0,0.0,0.00,0,0,0.0,2,5,-627,-3,0,-1024,18,-30,0,-1024,-1024,-1,0,-1,-1,-1,-1,-1,-1,-1,-1,0x0000000000000014,7.5
2020-04-10,10:29:04.440,0,0.0,0.0,0,0,0.0,0.00,0,0,0.0,2,5,-627,-3,0,-1024,17,-30,0,-1024,-1024,-1,0,-1,-1,-1,-1,-1,-1,-1,-1,0x0000000000000014,7.5
2020-04-10,10:29:04.940,0,0.0,0.0,0,0,0.0,0.00,0,0,0.0,2,5,-624,-3,0,-1024,17,-30,0,-1024,-1024,-1,0,-1,-1,-1,-1,-1,-1,-1,-1,0x0000000000000014,7.5
2020-04-10,10:29:05.440,0,0.0,0.0,0,0,0.0,0.00,0,0,0.0,2,5,-627,-3,0,-1024,17,-30,0,-1024,-1024,-1,0,-1,-1,-1,-1,-1,-1,-1,-1,0x0000000000000014,7.5
2020-04-10,10:29:05.940,0,0.0,0.0,0,0,0.0,0.00,0,0,0.0,2,5,-627,-3,0,-1024,17,-30,0,-1024,-1024,-1,0,-1,-1,-1,-1,-1,-1,-1,-1,0x0000000000000014,7.5
2020-04-10,10:29:06.440,0,0.0,0.0,0,0,0.0,0.00,0,0,0.0,2,5,-627,-3,0,-1024,17,-30,0,-1024,-1024,-1,0,-1,-1,-1,-1,-1,-1,-1,-1,0x0000000000000014,7.5
2020-04-10,10:29:06.940,0,0.0,0.0,0,0,0.0,0.00,0,0,0.0,2,5,-627,-3,0,-1024,17,-30,0,-1024,-1024,-1,0,-1,-1,-1,-1,-1,-1,-1,-1,0x0000000000000014,7.5
2020-04-10,10:29:07.440,0,0.0,0.0,0,0,0.0,0.00,0,0,0.0,2,5,-627,-3,0,-1024,18,-30,0,-1024,-1024,-1,0,-1,-1,-1,-1,-1,-1,-1,-1,0x0000000000000014,7.5
2020-04-10,10:29:07.940,0,0.0,0.0,0,0,0.0,0.00,0,0,0.0,2,5,-627,-3,0,-1024,18,-30,0,-1024,-1024,-1,0,-1,-1,-1,-1,-1,-1,-1,-1,0x0000000000000014,7.5
2020-04-10,10:29:08.440,0,0.0,0.0,0,0,0.0,0.00,0,0,0.0,2,5,-627,-3,0,-1024,17,-30,0,-1024,-1024,-1,0,-1,-1,-1,-1,-1,-1,-1,-1,0x0000000000000014,7.5
2020-04-10,10:29:08.940,0,0.0,0.0,0,0,0.0,0.00,0,0,0.0,2,5,-627,-3,0,-1024,17,-30,0,-1024,-1024,-1,0,-1,-1,-1,-1,-1,-1,-1,-1,0x0000000000000014,7.5
2020-04-10,10:29:09.440,0,0.0,0.0,0,0,0.0,0.00,0,0,0.0,2,5,-627,-3,0,-1024,17,-30,0,-1024,-1024,-1,0,-1,-1,-1,-1,-1,-1,-1,-1,0x0000000000000014,7.5
2020-04-10,10:29:09.940,0,0.0,0.0,0,0,0.0,0.00,0,0,0.0,2,5,-627,-3,0,-1024,17,-30,0,-1024,-1024,-1,0,-1,-1,-1,-1,-1,-1,-1,-1,0x0000000000000014,7.5
2020-04-10,10:29:10.440,0,0.0,0.0,0,0,0.0,0.00,0,0,0.0,2,5,-627,-3,0,-1024,17,-30,0,-1024,-1024,-1,0,-1,-1,-1,-1,-1,-1,-1,-1,0x0000000000000014,7.5
2020-04-10,10:29:10.940,0,0.0,0.0,0,0,0.0,0.00,0,0,0.0,2,5,-627,-3,0,-1024,18,-30,0,-1024,-1024,-1,0,-1,-1,-1,-1,-1,-1,-1,-1,0x0000000000000014,7.5
2020-04-10,10:29:11.440,0,0.0,0.0,0,0,0.0,0.00,0,0,0.0,2,5,-627,-3,0,-1024,18,-30,0,-1024,-1024,-1,0,-1,-1,-1,-1,-1,-1,-1,-1,0x0000000000000014,7.5
2020-04-10,10:29:11.940,0,0.0,0.0,0,0,0.0,0.00,0,0,0.0,2,5,-627,-3,0,-1024,17,-30,0,-1024,-1024,-1,0,-1,-1,-1,-1,-1,-1,-1,-1,0x0000000000000014,7.5
2020-04-10,10:29:12.440,0,0.0,0.0,0,0,0.0,0.00,0,0,0.0,2,5,-627,-3,0,-1024,17,-30,0,-1024,-1024,-1,0,-1,-1,-1,-1,-1,-1,-1,-1,0x0000000000000014,7.5
2020-04-10,10:29:12.940,0,0.0,0.0,0,0,0.0,0.00,0,0,0.0,2,5,-627,-3,0,-1024,17,-30,0,-1024,-1024,-1,0,-1,-1,-1,-1,-1,-1,-1,-1,0x0000000000000014,7.5
2020-04-10,10:29:13.440,0,0.0,0.0,0,0,0.0,0.00,0,0,0.0,2,2,-627,-3,0,-1024,17,-30,0,-1024,-1024,-1,0,-1,-1,-1,-1,-1,-1,-1,-1,0x0000000000000014,7.5
2020-04-10,10:29:13.950,0,0.0,0.0,0,0,0.0,0.00,0,0,0.0,0,2,-627,0,0,-1024,17,-30,0,-1024,-1024,-1,0,-1,-1,-1,-1,-1,-1,-1,-1,0x0000000000000014,7.5
2020-04-10,10:29:14.450,0,0.0,0.0,0,0,0.0,0.00,0,0,0.0,2,2,-627,-3,0,-1024,17,-30,0,-1024,-1024,-1,0,-1,-1,-1,-1,-1,-1,-1,-1,0x0000000000000014,7.5
2020-04-10,10:29:14.950,0,0.0,0.0,0,0,0.0,0.00,0,0,0.0,2,2,-627,0,0,-1024,18,-30,0,-1024,-1024,-1,0,-1,-1,-1,-1,-1,-1,-1,-1,0x0000000000000014,7.5
2020-04-10,10:29:15.450,0,0.0,0.0,0,0,0.0,0.00,0,0,0.0,2,2,-627,0,0,-1024,17,-30,0,-1024,-1024,-1,0,-1,-1,-1,-1,-1,-1,-1,-1,0x0000000000000014,7.5
2020-04-10,10:29:15.950,0,0.0,0.0,0,0,0.0,0.00,0,0,0.0,2,5,-627,-3,0,-1024,18,-30,0,-1024,-1024,-1,0,-1,-1,-1,-1,-1,-1,-1,-1,0x0000000000000014,7.5
2020-04-10,10:29:16.450,0,0.0,0.0,0,0,0.0,0.00,0,0,0.0,2,2,-627,-3,0,-1024,17,-30,0,-1024,-1024,-1,0,-1,-1,-1,-1,-1,-1,-1,-1,0x0000000000000014,7.5
2020-04-10,10:29:16.950,0,0.0,0.0,0,0,0.0,0.00,0,0,0.0,2,5,-627,-3,0,-1024,17,-30,0,-1024,-1024,-1,0,-1,-1,-1,-1,-1,-1,-1,-1,0x0000000000000014,7.5
2020-04-10,10:29:17.450,0,0.0,0.0,0,0,0.0,0.00,0,0,0.0,0,5,-627,0,0,-1024,17,-30,0,-1024,-1024,-1,0,-1,-1,-1,-1,-1,-1,-1,-1,0x0000000000000014,7.5
2020-04-10,10:29:17.950,0,0.0,0.0,0,0,0.0,0.00,0,0,0.0,2,2,-627,0,0,-1024,17,-30,0,-1024,-1024,-1,0,-1,-1,-1,-1,-1,-1,-1,-1,0x0000000000000014,7.5
2020-04-10,10:29:18.450,0,0.0,0.0,0,0,0.0,0.00,0,0,0.0,2,2,-627,-3,0,-1024,17,-30,0,-1024,-1024,-1,0,-1,-1,-1,-1,-1,-1,-1,-1,0x0000000000000014,7.5
2020-04-10,10:29:18.950,0,0.0,0.0,0,0,0.0,0.00,0,0,0.0,2,5,-627,-3,0,-1024,17,-30,0,-1024,-1024,-1,0,-1,-1,-1,-1,-1,-1,-1,-1,0x0000000000000014,7.5
2020-04-10,10:29:19.450,0,0.0,0.0,0,0,0.0,0.00,0,0,0.0,2,5,-627,-3,0,-1024,18,-30,0,-1024,-1024,-1,0,-1,-1,-1,-1,-1,-1,-1,-1,0x0000000000000014,7.5
2020-04-10,10:29:19.950,0,0.0,0.0,0,0,0.0,0.00,0,0,0.0,2,2,-627,0,0,-1024,18,-30,0,-1024,-1024,-1,0,-1,-1,-1,-1,-1,-1,-1,-1,0x0000000000000014,7.5
2020-04-10,10:29:20.450,0,0.0,0.0,0,0,0.0,0.00,0,0,0.0,2,5,-627,-3,0,-1024,17,-30,0,-1024,-1024,-1,0,-1,-1,-1,-1,-1,-1,-1,-1,0x0000000000000014,7.5
2020-04-10,10:29:20.950,0,0.0,0.0,0,0,0.0,0.00,0,0,0.0,2,5,-627,-3,0,-1024,17,-30,0,-1024,-1024,-1,0,-1,-1,-1,-1,-1,-1,-1,-1,0x0000000000000014,7.5
2020-04-10,10:29:21.450,0,0.0,0.0,0,0,0.0,0.00,0,0,0.0,0,5,-627,0,0,-1024,17,-30,0,-1024,-1024,-1,0,-1,-1,-1,-1,-1,-1,-1,-1,0x0000000000000014,7.5
2020-04-10,10:29:21.950,0,0.0,0.0,0,0,0.0,0.00,0,0,0.0,2,2,-627,0,0,-1024,17,-30,0,-1024,-1024,-1,0,-1,-1,-1,-1,-1,-1,-1,-1,0x0000000000000014,7.5
2020-04-10,10:29:22.450,0,0.0,0.0,0,0,0.0,0.00,0,0,0.0,0,5,-627,0,0,-1024,18,-30,0,-1024,-1024,-1,0,-1,-1,-1,-1,-1,-1,-1,-1,0x0000000000000014,7.5
2020-04-10,10:29:22.950,0,0.0,0.0,0,0,0.0,0.00,0,0,0.0,2,5,-627,0,0,-1024,18,-30,0,-1024,-1024,-1,0,-1,-1,-1,-1,-1,-1,-1,-1,0x0000000000000014,7.5
2020-04-10,10:29:23.450,0,0.0,0.0,0,0,0.0,0.00,0,0,0.0,2,5,-627,0,0,-1024,18,-30,0,-1024,-1024,-1,0,-1,-1,-1,-1,-1,-1,-1,-1,0x0000000000000014,7.5
2020-04-10,10:29:23.950,0,0.0,0.0,0,0,0.0,0.00,0,0,0.0,2,5,-627,-3,0,-1024,17,-30,0,-1024,-1024,-1,0,-1,-1,-1,-1,-1,-1,-1,-1,0x0000000000000014,7.5
2020-04-10,10:29:24.450,0,0.0,0.0,0,0,0.0,0.00,0,0,0.0,0,2,-627,-3,0,-1024,17,-30,0,-1024,-1024,-1,0,-1,-1,-1,-1,-1,-1,-1,-1,0x0000000000000014,7.5
2020-04-10,10:29:24.950,0,0.0,0.0,0,0,0.0,0.00,0,0,0.0,2,2,-627,0,0,-1024,17,-30,0,-1024,-1024,-1,0,-1,-1,-1,-1,-1,-1,-1,-1,0x0000000000000014,7.5
2020-04-10,10:29:25.450,0,0.0,0.0,0,0,0.0,0.00,0,0,0.0,0,5,-627,-3,0,-1024,17,-30,0,-1024,-1024,-1,0,-1,-1,-1,-1,-1,-1,-1,-1,0x0000000000000014,7.5
2020-04-10,10:29:25.950,0,0.0,0.0,0,0,0.0,0.00,0,0,0.0,2,5,-627,-3,0,-1024,17,-30,0,-1024,-1024,-1,0,-1,-1,-1,-1,-1,-1,-1,-1,0x0000000000000014,7.5
2020-04-10,10:29:26.450,0,0.0,0.0,0,0,0.0,0.00,0,0,0.0,2,5,-627,-3,0,-1024,17,-30,0,-1024,-1024,-1,0,-1,-1,-1,-1,-1,-1,-1,-1,0x0000000000000014,7.5
2020-04-10,10:29:26.950,0,0.0,0.0,0,0,0.0,0.00,0,0,0.0,2,5,-627,-3,0,-1024,17,-30,0,-1024,-1024,-1,0,-1,-1,-1,-1,-1,-1,-1,-1,0x0000000000000014,7.5
2020-04-10,10:29:27.450,0,0.0,0.0,0,0,0.0,0.00,0,0,0.0,0,2,-627,-3,0,-1024,18,-30,0,-1024,-1024,-1,0,-1,-1,-1,-1,-1,-1,-1,-1,0x0000000000000014,7.5
2020-04-10,10:29:27.950,0,0.0,0.0,0,0,0.0,0.00,0,0,0.0,2,2,-627,-3,0,-1024,18,-30,0,-1024,-1024,-1,0,-1,-1,-1,-1,-1,-1,-1,-1,0x0000000000000014,7.5
2020-04-10,10:29:28.450,0,0.0,0.0,0,0,0.0,0.00,0,0,0.0,2,5,-627,-3,0,-1024,18,-30,0,-1024,-1024,-1,0,-1,-1,-1,-1,-1,-1,-1,-1,0x0000000000000014,7.5
2020-04-10,10:29:28.950,0,0.0,0.0,0,0,0.0,0.00,0,0,0.0,2,2,-627,-3,0,-1024,17,-30,0,-1024,-1024,-1,0,-1,-1,-1,-1,-1,-1,-1,-1,0x0000000000000014,7.5
2020-04-10,10:29:29.450,0,0.0,0.0,0,0,0.0,0.00,0,0,0.0,2,5,-627,-3,0,-1024,17,-30,0,-1024,-1024,-1,0,-1,-1,-1,-1,-1,-1,-1,-1,0x0000000000000014,7.5
2020-04-10,10:29:29.950,0,0.0,0.0,0,0,0.0,0.00,0,0,0.0,2,5,-627,0,0,-1024,17,-30,0,-1024,-1024,-1,0,-1,-1,-1,-1,-1,-1,-1,-1,0x0000000000000014,7.5
2020-04-10,10:29:30.450,0,0.0,0.0,0,0,0.0,0.00,0,0,0.0,2,5,-627,0,0,-1024,18,-30,0,-1024,-1024,-1,0,-1,-1,-1,-1,-1,-1,-1,-1,0x0000000000000014,7.5
2020-04-10,10:29:30.950,0,0.0,0.0,0,0,0.0,0.00,0,0,0.0,2,5,-627,0,0,-1024,17,-30,0,-1024,-1024,-1,0,-1,-1,-1,-1,-1,-1,-1,-1,0x0000000000000014,7.5
2020-04-10,10:29:31.450,0,0.0,0.0,0,0,0.0,0.00,0,0,0.0,0,2,-627,-3,0,-1024,17,-30,0,-1024,-1024,-1,0,-1,-1,-1,-1,-1,-1,-1,-1,0x0000000000000014,7.5
2020-04-10,10:29:31.950,0,0.0,0.0,0,0,0.0,0.00,0,0,0.0,0,5,-627,0,0,-1024,17,-30,0,-1024,-1024,-1,0,-1,-1,-1,-1,-1,-1,-1,-1,0x0000000000000014,7.5
2020-04-10,10:29:32.450,0,0.0,0.0,0,0,0.0,0.00,0,0,0.0,0,5,-627,-3,0,-1024,17,-30,0,-1024,-1024,-1,0,-1,-1,-1,-1,-1,-1,-1,-1,0x0000000000000014,7.5
2020-04-10,10:29:32.950,0,0.0,0.0,0,0,0.0,0.00,0,0,0.0,0,5,-627,0,0,-1024,17,-30,0,-1024,-1024,-1,0,-1,-1,-1,-1,-1,-1,-1,-1,0x0000000000000014,7.5
2020-04-10,10:29:33.450,0,0.0,0.0,0,0,0.0,0.00,0,0,0.0,2,5,-627,-3,0,-1024,17,-30,0,-1024,-1024,-1,0,-1,-1,-1,-1,-1,-1,-1,-1,0x0000000000000014,7.5
2020-04-10,10:29:33.950,0,0.0,0.0,0,0,0.0,0.00,0,0,0.0,2,5,-627,0,0,-1024,17,-30,0,-1024,-1024,-1,0,-1,-1,-1,-1,-1,-1,-1,-1,0x0000000000000014,7.5
2020-04-10,10:29:34.450,0,0.0,0.0,0,0,0.0,0.00,0,0,0.0,2,5,-627,-3,0,-1024,17,-30,0,-1024,-1024,-1,0,-1,-1,-1,-1,-1,-1,-1,-1,0x0000000000000014,7.5
2020-04-10,10:29:34.950,0,0.0,0.0,0,0,0.0,0.00,0,0,0.0,2,2,-627,0,0,-1024,17,-30,0,-1024,-1024,-1,0,-1,-1,-1,-1,-1,-1,-1,-1,0x0000000000000014,7.5
2020-04-10,10:29:35.450,0,0.0,0.0,0,0,0.0,0.00,0,0,0.0,0,5,-627,0,0,-1024,17,-30,0,-1024,-1024,-1,0,-1,-1,-1,-1,-1,-1,-1,-1,0x0000000000000014,7.5
2020-04-10,10:29:35.950,0,0.0,0.0,0,0,0.0,0.00,0,0,0.0,2,5,-627,-3,0,-1024,17,-30,0,-1024,-1024,-1,0,-1,-1,-1,-1,-1,-1,-1,-1,0x0000000000000014,7.5
2020-04-10,10:29:36.450,0,0.0,0.0,0,0,0.0,0.00,0,0,0.0,2,2,-627,0,0,-1024,17,-30,0,-1024,-1024,-1,0,-1,-1,-1,-1,-1,-1,-1,-1,0x0000000000000014,7.5
2020-04-10,10:29:36.950,0,0.0,0.0,0,0,0.0,0.00,0,0,0.0,2,5,-627,-3,0,-1024,17,-30,0,-1024,-1024,-1,0,-1,-1,-1,-1,-1,-1,-1,-1,0x0000000000000014,7.5
2020-04-10,10:29:37.450,0,0.0,0.0,0,0,0.0,0.00,0,0,0.0,2,5,-627,0,0,-1024,18,-30,0,-1024,-1024,-1,0,-1,-1,-1,-1,-1,-1,-1,-1,0x0000000000000014,7.5
2020-04-10,10:29:37.950,0,0.0,0.0,0,0,0.0,0.00,0,0,0.0,2,2,-627,-3,0,-1024,17,-30,0,-1024,-1024,-1,0,-1,-1,-1,-1,-1,-1,-1,-1,0x0000000000000014,7.5
2020-04-10,10:29:38.450,0,0.0,0.0,0,0,0.0,0.00,0,0,0.0,2,5,-627,-3,0,-1024,17,-30,0,-1024,-1024,-1,0,-1,-1,-1,-1,-1,-1,-1,-1,0x0000000000000014,7.5
2020-04-10,10:29:38.950,0,0.0,0.0,0,0,0.0,0.00,0,0,0.0,0,2,-627,-3,0,-1024,17,-30,0,-1024,-1024,-1,0,-1,-1,-1,-1,-1,-1,-1,-1,0x0000000000000014,7.5
2020-04-10,10:29:39.450,0,0.0,0.0,0,0,0.0,0.00,0,0,0.0,2,2,-627,0,0,-1024,18,-30,0,-1024,-1024,-1,0,-1,-1,-1,-1,-1,-1,-1,-1,0x0000000000000014,7.5
2020-04-10,10:29:39.950,0,0.0,0.0,0,0,0.0,0.00,0,0,0.0,0,5,-627,-3,0,-1024,17,-30,0,-1024,-1024,-1,0,-1,-1,-1,-1,-1,-1,-1,-1,0x0000000000000014,7.5
2020-04-10,10:29:40.450,0,0.0,0.0,0,0,0.0,0.00,0,0,0.0,2,2,-627,-3,0,-1024,17,-30,0,-1024,-1024,-1,0,-1,-1,-1,-1,-1,-1,-1,-1,0x0000000000000014,7.5
2020-04-10,10:29:40.950,0,0.0,0.0,0,0,0.0,0.00,0,0,0.0,0,5,-627,-3,0,-1024,17,-30,0,-1024,-1024,-1,0,-1,-1,-1,-1,-1,-1,-1,-1,0x0000000000000014,7.5
2020-04-10,10:29:41.450,0,0.0,0.0,0,0,0.0,0.00,0,0,0.0,0,2,-627,0,0,-1024,17,-30,0,-1024,-1024,-1,0,-1,-1,-1,-1,-1,-1,-1,-1,0x0000000000000014,7.5
2020-04-10,10:29:41.950,0,0.0,0.0,0,0,0.0,0.00,0,0,0.0,0,2,-627,-3,0,-1024,17,-30,0,-1024,-1024,-1,0,-1,-1,-1,-1,-1,-1,-1,-1,0x0000000000000014,7.5
2020-04-10,10:29:42.450,0,0.0,0.0,0,0,0.0,0.00,0,0,0.0,2,5,-627,-3,0,-1024,17,-30,0,-1024,-1024,-1,0,-1,-1,-1,-1,-1,-1,-1,-1,0x0000000000000014,7.5
2020-04-10,10:29:42.950,0,0.0,0.0,0,0,0.0,0.00,0,0,0.0,2,2,-627,0,0,-1024,17,-30,0,-1024,-1024,-1,0,-1,-1,-1,-1,-1,-1,-1,-1,0x0000000000000014,7.5
2020-04-10,10:29:43.450,0,0.0,0.0,0,0,0.0,0.00,0,0,0.0,0,5,-627,-3,0,-1024,17,-30,0,-1024,-1024,-1,0,-1,-1,-1,-1,-1,-1,-1,-1,0x0000000000000014,7.5
2020-04-10,10:29:43.950,0,0.0,0.0,0,0,0.0,0.00,0,0,0.0,0,2,-627,-3,0,-1024,17,-30,0,-1024,-1024,-1,0,-1,-1,-1,-1,-1,-1,-1,-1,0x0000000000000014,7.5
2020-04-10,10:29:44.450,0,0.0,0.0,0,0,0.0,0.00,0,0,0.0,0,2,-627,-3,0,-1024,17,-30,0,-1024,-1024,-1,0,-1,-1,-1,-1,-1,-1,-1,-1,0x0000000000000014,7.5
2020-04-10,10:29:44.950,0,0.0,0.0,0,0,0.0,0.00,0,0,0.0,0,5,-627,-3,0,-1024,18,-30,0,-1024,-1024,-1,0,-1,-1,-1,-1,-1,-1,-1,-1,0x0000000000000014,7.5
2020-04-10,10:29:45.450,0,0.0,0.0,0,0,0.0,0.00,0,0,0.0,2,5,-627,-3,0,-1024,18,-30,0,-1024,-1024,-1,0,-1,-1,-1,-1,-1,-1,-1,-1,0x0000000000000014,7.5
2020-04-10,10:29:45.950,0,0.0,0.0,0,0,0.0,0.00,0,0,0.0,2,2,-627,0,0,-1024,17,-30,0,-1024,-1024,-1,0,-1,-1,-1,-1,-1,-1,-1,-1,0x0000000000000014,7.5
2020-04-10,10:29:46.450,0,0.0,0.0,0,0,0.0,0.00,0,0,0.0,2,5,-627,-3,0,-1024,18,-30,0,-1024,-1024,-1,0,-1,-1,-1,-1,-1,-1,-1,-1,0x0000000000000014,7.5
2020-04-10,10:29:46.950,0,0.0,0.0,0,0,0.0,0.00,0,0,0.0,0,2,-627,-3,0,-1024,17,-30,0,-1024,-1024,-1,0,-1,-1,-1,-1,-1,-1,-1,-1,0x0000000000000014,7.5
2020-04-10,10:29:47.450,0,0.0,0.0,0,0,0.0,0.00,0,0,0.0,2,2,-627,-3,0,-1024,18,-30,0,-1024,-1024,-1,0,-1,-1,-1,-1,-1,-1,-1,-1,0x0000000000000014,7.5
2020-04-10,10:29:47.950,0,0.0,0.0,0,0,0.0,0.00,0,0,0.0,2,5,-627,-3,0,-1024,17,-30,0,-1024,-1024,-1,0,-1,-1,-1,-1,-1,-1,-1,-1,0x0000000000000014,7.5
2020-04-10,10:29:48.450,0,0.0,0.0,0,0,0.0,0.00,0,0,0.0,0,5,-627,-3,0,-1024,17,-30,0,-1024,-1024,-1,0,-1,-1,-1,-1,-1,-1,-1,-1,0x0000000000000014,7.5
2020-04-10,10:29:48.950,0,0.0,0.0,0,0,0.0,0.00,0,0,0.0,0,5,-627,-3,0,-1024,18,-30,0,-1024,-1024,-1,0,-1,-1,-1,-1,-1,-1,-1,-1,0x0000000000000014,7.5
2020-04-10,10:29:49.450,0,0.0,0.0,0,0,0.0,0.00,0,0,0.0,2,5,-627,0,0,-1024,17,-30,0,-1024,-1024,-1,0,-1,-1,-1,-1,-1,-1,-1,-1,0x0000000000000014,7.5
2020-04-10,10:29:49.950,0,0.0,0.0,0,0,0.0,0.00,0,0,0.0,2,2,-627,-3,0,-1024,17,-30,0,-1024,-1024,-1,0,-1,-1,-1,-1,-1,-1,-1,-1,0x0000000000000014,7.5
2020-04-10,10:29:50.450,0,0.0,0.0,0,0,0.0,0.00,0,0,0.0,2,2,-627,0,0,-1024,17,-30,0,-1024,-1024,-1,0,-1,-1,-1,-1,-1,-1,-1,-1,0x0000000000000014,7.5
2020-04-10,10:29:50.950,0,0.0,0.0,0,0,0.0,0.00,0,0,0.0,2,2,-627,0,0,-1024,18,-30,0,-1024,-1024,-1,0,-1,-1,-1,-1,-1,-1,-1,-1,0x0000000000000014,7.5
2020-04-10,10:29:51.450,0,0.0,0.0,0,0,0.0,0.00,0,0,0.0,2,5,-627,-3,0,-1024,17,-30,0,-1024,-1024,-1,0,-1,-1,-1,-1,-1,-1,-1,-1,0x0000000000000014,7.5
2020-04-10,10:29:51.950,0,0.0,0.0,0,0,0.0,0.00,0,0,0.0,0,5,-627,-3,0,-1024,17,-30,0,-1024,-1024,-1,0,-1,-1,-1,-1,-1,-1,-1,-1,0x0000000000000014,7.5
2020-04-10,10:29:52.450,0,0.0,0.0,0,0,0.0,0.00,0,0,0.0,0,2,-627,-3,0,-1024,18,-30,0,-1024,-1024,-1,0,-1,-1,-1,-1,-1,-1,-1,-1,0x0000000000000014,7.5
2020-04-10,10:29:52.950,0,0.0,0.0,0,0,0.0,0.00,0,0,0.0,2,5,-627,0,0,-1024,17,-30,0,-1024,-1024,-1,0,-1,-1,-1,-1,-1,-1,-1,-1,0x0000000000000014,7.5
2020-04-10,10:29:53.450,0,0.0,0.0,0,0,0.0,0.00,0,0,0.0,2,2,-627,-3,0,-1024,17,-30,0,-1024,-1024,-1,0,-1,-1,-1,-1,-1,-1,-1,-1,0x0000000000000014,7.5
2020-04-10,10:29:53.950,0,0.0,0.0,0,0,0.0,0.00,0,0,0.0,0,2,-627,0,0,-1024,17,-30,0,-1024,-1024,-1,0,-1,-1,-1,-1,-1,-1,-1,-1,0x0000000000000014,7.5
2020-04-10,10:29:54.450,0,0.0,0.0,0,0,0.0,0.00,0,0,0.0,2,2,-627,-3,0,-1024,17,-30,0,-1024,-1024,-1,0,-1,-1,-1,-1,-1,-1,-1,-1,0x0000000000000014,7.5
2020-04-10,10:29:54.950,0,0.0,0.0,0,0,0.0,0.00,0,0,0.0,2,5,-627,-3,0,-1024,17,-30,0,-1024,-1024,-1,0,-1,-1,-1,-1,-1,-1,-1,-1,0x0000000000000014,7.5
2020-04-10,10:29:55.450,0,0.0,0.0,0,0,0.0,0.00,0,0,0.0,0,2,-627,-3,0,-1024,17,-30,0,-1024,-1024,-1,0,-1,-1,-1,-1,-1,-1,-1,-1,0x0000000000000014,7.5
2020-04-10,10:29:55.950,0,0.0,0.0,0,0,0.0,0.00,0,0,0.0,0,2,-627,0,0,-1024,17,-30,0,-1024,-1024,-1,0,-1,-1,-1,-1,-1,-1,-1,-1,0x0000000000000014,7.5
2020-04-10,10:29:56.450,0,0.0,0.0,0,0,0.0,0.00,0,0,0.0,0,5,-627,-3,0,-1024,17,-30,0,-1024,-1024,-1,0,-1,-1,-1,-1,-1,-1,-1,-1,0x0000000000000014,7.5
2020-04-10,10:29:56.950,0,0.0,0.0,0,0,0.0,0.00,0,0,0.0,0,2,-627,-3,0,-1024,17,-30,0,-1024,-1024,-1,0,-1,-1,-1,-1,-1,-1,-1,-1,0x0000000000000014,7.5
2020-04-10,10:29:57.450,0,0.0,0.0,0,0,0.0,0.00,0,0,0.0,0,2,-627,0,0,-1024,17,-30,0,-1024,-1024,-1,0,-1,-1,-1,-1,-1,-1,-1,-1,0x0000000000000014,7.5
2020-04-10,10:29:57.950,0,0.0,0.0,0,0,0.0,0.00,0,0,0.0,2,2,-627,-3,0,-1024,17,-30,0,-1024,-1024,-1,0,-1,-1,-1,-1,-1,-1,-1,-1,0x0000000000000014,7.5
2020-04-10,10:29:58.450,0,0.0,0.0,0,0,0.0,0.00,0,0,0.0,2,2,-627,-3,0,-1024,17,-30,0,-1024,-1024,-1,0,-1,-1,-1,-1,-1,-1,-1,-1,0x0000000000000014,7.5
2020-04-10,10:29:58.950,0,0.0,0.0,0,0,0.0,0.00,0,0,0.0,2,5,-627,0,0,-1024,17,-30,0,-1024,-1024,-1,0,-1,-1,-1,-1,-1,-1,-1,-1,0x0000000000000014,7.5
2020-04-10,10:29:59.450,0,0.0,0.0,0,0,0.0,0.00,0,0,0.0,0,5,-627,0,0,-1024,17,-30,0,-1024,-1024,-1,0,-1,-1,-1,-1,-1,-1,-1,-1,0x0000000000000014,7.5
2020-04-10,10:29:59.950,0,0.0,0.0,0,0,0.0,0.00,0,0,0.0,2,2,-627,-3,0,-1024,17,-30,0,-1024,-1024,-1,0,-1,-1,-1,-1,-1,-1,-1,-1,0x0000000000000014,7.5
2020-04-10,10:30:00.450,0,0.0,0.0,0,0,0.0,0.00,0,0,0.0,2,5,-627,-3,0,-1024,18,-30,0,-1024,-1024,-1,0,-1,-1,-1,-1,-1,-1,-1,-1,0x0000000000000014,7.5
2020-04-10,10:30:00.950,0,0.0,0.0,0,0,0.0,0.00,0,0,0.0,2,5,-627,-3,0,-1024,17,-30,0,-1024,-1024,-1,0,-1,-1,-1,-1,-1,-1,-1,-1,0x0000000000000014,7.5
2020-04-10,10:30:01.450,0,0.0,0.0,0,0,0.0,0.00,0,0,0.0,2,5,-627,-3,0,-1024,18,-30,0,-1024,-1024,-1,0,-1,-1,-1,-1,-1,-1,-1,-1,0x0000000000000014,7.5
2020-04-10,10:30:01.950,0,0.0,0.0,0,0,0.0,0.00,0,0,0.0,0,5,-627,-3,0,-1024,17,-30,0,-1024,-1024,-1,0,-1,-1,-1,-1,-1,-1,-1,-1,0x0000000000000014,7.5
2020-04-10,10:30:02.450,0,0.0,0.0,0,0,0.0,0.00,0,0,0.0,0,5,-627,-3,0,-1024,17,-30,0,-1024,-1024,-1,0,-1,-1,-1,-1,-1,-1,-1,-1,0x0000000000000014,7.5
2020-04-10,10:30:02.950,0,0.0,0.0,0,0,0.0,0.00,0,0,0.0,0,5,-627,-3,0,-1024,18,-30,0,-1024,-1024,-1,0,-1,-1,-1,-1,-1,-1,-1,-1,0x0000000000000014,7.5
2020-04-10,10:30:03.450,0,0.0,0.0,0,0,0.0,0.00,0,0,0.0,2,5,-627,-3,0,-1024,17,-30,0,-1024,-1024,-1,0,-1,-1,-1,-1,-1,-1,-1,-1,0x0000000000000014,7.5
2020-04-10,10:30:03.950,0,0.0,0.0,0,0,0.0,0.00,0,0,0.0,2,2,-627,-3,0,-1024,17,-30,0,-1024,-1024,-1,0,-1,-1,-1,-1,-1,-1,-1,-1,0x0000000000000014,7.5
2020-04-10,10:30:04.450,0,0.0,0.0,0,0,0.0,0.00,0,0,0.0,0,2,-627,0,0,-1024,17,-30,0,-1024,-1024,-1,0,-1,-1,-1,-1,-1,-1,-1,-1,0x0000000000000014,7.5
2020-04-10,10:30:04.950,0,0.0,0.0,0,0,0.0,0.00,0,0,0.0,2,5,-627,0,0,-1024,17,-30,0,-1024,-1024,-1,0,-1,-1,-1,-1,-1,-1,-1,-1,0x0000000000000014,7.5
2020-04-10,10:30:05.450,0,0.0,0.0,0,0,0.0,0.00,0,0,0.0,2,5,-627,-3,0,-1024,17,-30,0,-1024,-1024,-1,0,-1,-1,-1,-1,-1,-1,-1,-1,0x0000000000000014,7.5
2020-04-10,10:30:05.950,0,0.0,0.0,0,0,0.0,0.00,0,0,0.0,2,2,-627,-3,0,-1024,17,-30,0,-1024,-1024,-1,0,-1,-1,-1,-1,-1,-1,-1,-1,0x0000000000000014,7.5
2020-04-10,10:30:06.450,0,0.0,0.0,0,0,0.0,0.00,0,0,0.0,2,2,-627,-3,0,-1024,18,-30,0,-1024,-1024,-1,0,-1,-1,-1,-1,-1,-1,-1,-1,0x0000000000000014,7.5
2020-04-10,10:30:06.950,0,0.0,0.0,0,0,0.0,0.00,0,0,0.0,2,2,-627,-3,0,-1024,17,-30,0,-1024,-1024,-1,0,-1,-1,-1,-1,-1,-1,-1,-1,0x0000000000000014,7.5
2020-04-10,10:30:07.450,0,0.0,0.0,0,0,0.0,0.00,0,0,0.0,2,5,-627,0,0,-1024,17,-30,0,-1024,-1024,-1,0,-1,-1,-1,-1,-1,-1,-1,-1,0x0000000000000014,7.5
2020-04-10,10:30:07.950,0,0.0,0.0,0,0,0.0,0.00,0,0,0.0,0,2,-627,0,0,-1024,17,-30,0,-1024,-1024,-1,0,-1,-1,-1,-1,-1,-1,-1,-1,0x0000000000000014,7.5
2020-04-10,10:30:08.450,0,0.0,0.0,0,0,0.0,0.00,0,0,0.0,2,5,-627,-3,0,-1024,17,-30,0,-1024,-1024,-1,0,-1,-1,-1,-1,-1,-1,-1,-1,0x0000000000000014,7.5
2020-04-10,10:30:08.950,0,0.0,0.0,0,0,0.0,0.00,0,0,0.0,2,2,-627,-3,0,-1024,17,-30,0,-1024,-1024,-1,0,-1,-1,-1,-1,-1,-1,-1,-1,0x0000000000000014,7.5
2020-04-10,10:30:09.450,0,0.0,0.0,0,0,0.0,0.00,0,0,0.0,2,5,-627,0,0,-1024,17,-30,0,-1024,-1024,-1,0,-1,-1,-1,-1,-1,-1,-1,-1,0x0000000000000014,7.5
2020-04-10,10:30:09.950,0,0.0,0.0,0,0,0.0,0.00,0,0,0.0,2,2,-627,-3,0,-1024,17,-30,0,-1024,-1024,-1,0,-1,-1,-1,-1,-1,-1,-1,-1,0x0000000000000014,7.5
2020-04-10,10:30:10.450,0,0.0,0.0,0,0,0.0,0.00,0,0,0.0,2,5,-627,-3,0,-1024,17,-30,0,-1024,-1024,-1,0,-1,-1,-1,-1,-1,-1,-1,-1,0x0000000000000014,7.5
2020-04-10,10:30:10.950,0,0.0,0.0,0,0,0.0,0.00,0,0,0.0,0,2,-627,-3,0,-1024,18,-30,0,-1024,-1024,-1,0,-1,-1,-1,-1,-1,-1,-1,-1,0x0000000000000014,7.5
2020-04-10,10:30:11.450,0,0.0,0.0,0,0,0.0,0.00,0,0,0.0,2,5,-627,-3,0,-1024,17,-30,0,-1024,-1024,-1,0,-1,-1,-1,-1,-1,-1,-1,-1,0x0000000000000014,7.5
2020-04-10,10:30:11.950,0,0.0,0.0,0,0,0.0,0.00,0,0,0.0,2,2,-627,-3,0,-1024,17,-30,0,-1024,-1024,-1,0,-1,-1,-1,-1,-1,-1,-1,-1,0x0000000000000014,7.5
2020-04-10,10:30:12.450,0,0.0,0.0,0,0,0.0,0.00,0,0,0.0,2,2,-627,-3,0,-1024,17,-30,0,-1024,-1024,-1,0,-1,-1,-1,-1,-1,-1,-1,-1,0x0000000000000014,7.5
2020-04-10,10:30:12.950,0,0.0,0.0,0,0,0.0,0.00,0,0,0.0,2,5,-627,-3,0,-1024,17,-30,0,-1024,-1024,-1,0,-1,-1,-1,-1,-1,-1,-1,-1,0x0000000000000014,7.5
2020-04-10,10:30:13.450,0,0.0,0.0,0,0,0.0,0.00,0,0,0.0,2,2,-627,-3,0,-1024,17,-30,0,-1024,-1024,-1,0,-1,-1,-1,-1,-1,-1,-1,-1,0x0000000000000014,7.5
2020-04-10,10:30:13.950,0,0.0,0.0,0,0,0.0,0.00,0,0,0.0,2,5,-627,-3,0,-1024,17,-30,0,-1024,-1024,-1,0,-1,-1,-1,-1,-1,-1,-1,-1,0x0000000000000014,7.5
2020-04-10,10:30:14.450,0,0.0,0.0,0,0,0.0,0.00,0,0,0.0,2,5,-627,-3,0,-1024,17,-30,0,-1024,-1024,-1,0,-1,-1,-1,-1,-1,-1,-1,-1,0x0000000000000014,7.5
2020-04-10,10:30:14.950,0,0.0,0.0,0,0,0.0,0.00,0,0,0.0,2,5,-627,-3,0,-1024,18,-30,0,-1024,-1024,-1,0,-1,-1,-1,-1,-1,-1,-1,-1,0x0000000000000014,7.5
2020-04-10,10:30:15.450,0,0.0,0.0,0,0,0.0,0.00,0,0,0.0,2,2,-627,-3,0,-1024,18,-30,0,-1024,-1024,-1,0,-1,-1,-1,-1,-1,-1,-1,-1,0x0000000000000014,7.5
2020-04-10,10:30:15.950,0,0.0,0.0,0,0,0.0,0.00,0,0,0.0,2,5,-627,-3,0,-1024,17,-30,0,-1024,-1024,-1,0,-1,-1,-1,-1,-1,-1,-1,-1,0x0000000000000014,7.5
2020-04-10,10:30:16.450,0,0.0,0.0,0,0,0.0,0.00,0,0,0.0,2,5,-627,-3,0,-1024,17,-30,0,-1024,-1024,-1,0,-1,-1,-1,-1,-1,-1,-1,-1,0x0000000000000014,7.5
2020-04-10,10:30:16.950,0,0.0,0.0,0,0,0.0,0.00,0,0,0.0,2,2,-627,-3,0,-1024,18,-30,0,-1024,-1024,-1,0,-1,-1,-1,-1,-1,-1,-1,-1,0x0000000000000014,7.5
2020-04-10,10:30:17.450,0,0.0,0.0,0,0,0.0,0.00,0,0,0.0,2,5,-627,-3,0,-1024,18,-30,0,-1024,-1024,-1,0,-1,-1,-1,-1,-1,-1,-1,-1,0x0000000000000014,7.5
2020-04-10,10:30:17.950,0,0.0,0.0,0,0,0.0,0.00,0,0,0.0,2,2,-627,-3,0,-1024,18,-30,0,-1024,-1024,-1,0,-1,-1,-1,-1,-1,-1,-1,-1,0x0000000000000014,7.5
2020-04-10,10:30:18.450,0,0.0,0.0,0,0,0.0,0.00,0,0,0.0,2,2,-627,-3,0,-1024,18,-30,0,-1024,-1024,-1,0,-1,-1,-1,-1,-1,-1,-1,-1,0x0000000000000014,7.5
2020-04-10,10:30:18.950,0,0.0,0.0,0,0,0.0,0.00,0,0,0.0,2,5,-627,-3,0,-1024,18,-30,0,-1024,-1024,-1,0,-1,-1,-1,-1,-1,-1,-1,-1,0x0000000000000014,7.5
2020-04-10,10:30:19.450,0,0.0,0.0,0,0,0.0,0.00,0,0,0.0,2,2,-627,-3,0,-1024,17,-30,0,-1024,-1024,-1,0,-1,-1,-1,-1,-1,-1,-1,-1,0x0000000000000014,7.5
2020-04-10,10:30:19.950,0,0.0,0.0,0,0,0.0,0.00,0,0,0.0,2,5,-624,-3,0,-1024,18,-30,0,-1024,-1024,-1,0,-1,-1,-1,-1,-1,-1,-1,-1,0x0000000000000014,7.5
2020-04-10,10:30:20.450,0,0.0,0.0,0,0,0.0,0.00,0,0,0.0,2,5,-627,-3,0,-1024,17,-30,0,-1024,-1024,-1,0,-1,-1,-1,-1,-1,-1,-1,-1,0x0000000000000014,7.5
2020-04-10,10:30:20.950,0,0.0,0.0,0,0,0.0,0.00,0,0,0.0,2,5,-627,-3,0,-1024,17,-30,0,-1024,-1024,-1,0,-1,-1,-1,-1,-1,-1,-1,-1,0x0000000000000014,7.5
2020-04-10,10:30:21.450,0,0.0,0.0,0,0,0.0,0.00,0,0,0.0,2,2,-624,-3,0,-1024,18,-30,0,-1024,-1024,-1,0,-1,-1,-1,-1,-1,-1,-1,-1,0x0000000000000014,7.5
2020-04-10,10:30:21.950,0,0.0,0.0,0,0,0.0,0.00,0,0,0.0,2,2,-627,-3,0,-1024,17,-30,0,-1024,-1024,-1,0,-1,-1,-1,-1,-1,-1,-1,-1,0x0000000000000014,7.5
2020-04-10,10:30:22.450,0,0.0,0.0,0,0,0.0,0.00,0,0,0.0,2,2,-627,-3,0,-1024,18,-30,0,-1024,-1024,-1,0,-1,-1,-1,-1,-1,-1,-1,-1,0x0000000000000014,7.5
2020-04-10,10:30:22.950,0,0.0,0.0,0,0,0.0,0.00,0,0,0.0,2,5,-627,-3,0,-1024,18,-30,0,-1024,-1024,-1,0,-1,-1,-1,-1,-1,-1,-1,-1,0x0000000000000014,7.5
2020-04-10,10:30:23.450,0,0.0,0.0,0,0,0.0,0.00,0,0,0.0,2,5,-627,-3,0,-1024,18,-30,0,-1024,-1024,-1,0,-1,-1,-1,-1,-1,-1,-1,-1,0x0000000000000014,7.5
2020-04-10,10:30:23.950,0,0.0,0.0,0,0,0.0,0.00,0,0,0.0,2,5,-627,-3,0,-1024,18,-30,0,-1024,-1024,-1,0,-1,-1,-1,-1,-1,-1,-1,-1,0x0000000000000014,7.5
2020-04-10,10:30:24.450,0,0.0,0.0,0,0,0.0,0.00,0,0,0.0,2,5,-624,-3,0,-1024,17,-30,0,-1024,-1024,-1,0,-1,-1,-1,-1,-1,-1,-1,-1,0x0000000000000014,7.5
2020-04-10,10:30:24.950,0,0.0,0.0,0,0,0.0,0.00,0,0,0.0,2,2,-624,-3,0,-1024,17,-30,0,-1024,-1024,-1,0,-1,-1,-1,-1,-1,-1,-1,-1,0x0000000000000014,7.5
2020-04-10,10:30:25.450,0,0.0,0.0,0,0,0.0,0.00,0,0,0.0,2,5,-627,-3,0,-1024,18,-30,0,-1024,-1024,-1,0,-1,-1,-1,-1,-1,-1,-1,-1,0x0000000000000014,7.5
2020-04-10,10:30:25.950,0,0.0,0.0,0,0,0.0,0.00,0,0,0.0,2,2,-627,-3,0,-1024,17,-30,0,-1024,-1024,-1,0,-1,-1,-1,-1,-1,-1,-1,-1,0x0000000000000014,7.5
2020-04-10,10:30:26.450,0,0.0,0.0,0,0,0.0,0.00,0,0,0.0,0,5,-627,-3,0,-1024,17,-30,0,-1024,-1024,-1,0,-1,-1,-1,-1,-1,-1,-1,-1,0x0000000000000014,7.5
2020-04-10,10:30:26.950,0,0.0,0.0,0,0,0.0,0.00,0,0,0.0,2,5,-624,-3,0,-1024,18,-30,0,-1024,-1024,-1,0,-1,-1,-1,-1,-1,-1,-1,-1,0x0000000000000014,7.5
2020-04-10,10:30:27.450,0,0.0,0.0,0,0,0.0,0.00,0,0,0.0,2,5,-627,-3,0,-1024,18,-30,0,-1024,-1024,-1,0,-1,-1,-1,-1,-1,-1,-1,-1,0x0000000000000014,7.5
2020-04-10,10:30:27.950,0,0.0,0.0,0,0,0.0,0.00,0,0,0.0,2,2,-627,-3,0,-1024,18,-30,0,-1024,-1024,-1,0,-1,-1,-1,-1,-1,-1,-1,-1,0x0000000000000014,7.5
2020-04-10,10:30:28.450,0,0.0,0.0,0,0,0.0,0.00,0,0,0.0,2,2,-627,-3,0,-1024,17,-30,0,-1024,-1024,-1,0,-1,-1,-1,-1,-1,-1,-1,-1,0x0000000000000014,7.5
2020-04-10,10:30:28.950,0,0.0,0.0,0,0,0.0,0.00,0,0,0.0,2,5,-627,-3,0,-1024,18,-30,0,-1024,-1024,-1,0,-1,-1,-1,-1,-1,-1,-1,-1,0x0000000000000014,7.5
2020-04-10,10:30:29.450,0,0.0,0.0,0,0,0.0,0.00,0,0,0.0,2,5,-624,-3,0,-1024,17,-30,0,-1024,-1024,-1,0,-1,-1,-1,-1,-1,-1,-1,-1,0x0000000000000014,7.5
2020-04-10,10:30:29.950,0,0.0,0.0,0,0,0.0,0.00,0,0,0.0,2,5,-627,-3,0,-1024,17,-30,0,-1024,-1024,-1,0,-1,-1,-1,-1,-1,-1,-1,-1,0x0000000000000014,7.5
2020-04-10,10:30:30.450,0,0.0,0.0,0,0,0.0,0.00,0,0,0.0,2,5,-627,-3,0,-1024,18,-30,0,-1024,-1024,-1,0,-1,-1,-1,-1,-1,-1,-1,-1,0x0000000000000014,7.5
2020-04-10,10:30:30.950,0,0.0,0.0,0,0,0.0,0.00,0,0,0.0,0,2,-627,-3,0,-1024,18,-30,0,-1024,-1024,-1,0,-1,-1,-1,-1,-1,-1,-1,-1,0x0000000000000014,7.5
2020-04-10,10:30:31.450,0,0.0,0.0,0,0,0.0,0.00,0,0,0.0,2,5,-627,-3,0,-1024,17,-30,0,-1024,-1024,-1,0,-1,-1,-1,-1,-1,-1,-1,-1,0x0000000000000014,7.5
2020-04-10,10:30:31.950,0,0.0,0.0,0,0,0.0,0.00,0,0,0.0,2,2,-627,-3,0,-1024,18,-30,0,-1024,-1024,-1,0,-1,-1,-1,-1,-1,-1,-1,-1,0x0000000000000014,7.5
2020-04-10,10:30:32.450,0,0.0,0.0,0,0,0.0,0.00,0,0,0.0,2,5,-627,-3,0,-1024,17,-30,0,-1024,-1024,-1,0,-1,-1,-1,-1,-1,-1,-1,-1,0x0000000000000014,7.5
2020-04-10,10:30:32.950,0,0.0,0.0,0,0,0.0,0.00,0,0,0.0,2,2,-624,-3,0,-1024,18,-30,0,-1024,-1024,-1,0,-1,-1,-1,-1,-1,-1,-1,-1,0x0000000000000014,7.5
2020-04-10,10:30:33.450,0,0.0,0.0,0,0,0.0,0.00,0,0,0.0,2,2,-627,-3,0,-1024,17,-30,0,-1024,-1024,-1,0,-1,-1,-1,-1,-1,-1,-1,-1,0x0000000000000014,7.5
2020-04-10,10:30:33.950,0,0.0,0.0,0,0,0.0,0.00,0,0,0.0,2,5,-627,-3,0,-1024,17,-30,0,-1024,-1024,-1,0,-1,-1,-1,-1,-1,-1,-1,-1,0x0000000000000014,7.5
2020-04-10,10:30:34.450,0,0.0,0.0,0,0,0.0,0.00,0,0,0.0,2,5,-627,-3,0,-1024,18,-30,0,-1024,-1024,-1,0,-1,-1,-1,-1,-1,-1,-1,-1,0x0000000000000014,7.5
2020-04-10,10:30:34.950,0,0.0,0.0,0,0,0.0,0.00,0,0,0.0,2,2,-627,-3,0,-1024,17,-30,0,-1024,-1024,-1,0,-1,-1,-1,-1,-1,-1,-1,-1,0x0000000000000014,7.5
2020-04-10,10:30:35.450,0,0.0,0.0,0,0,0.0,0.00,0,0,0.0,2,2,-627,-3,0,-1024,18,-30,0,-1024,-1024,-1,0,-1,-1,-1,-1,-1,-1,-1,-1,0x0000000000000014,7.5
2020-04-10,10:30:35.950,0,0.0,0.0,0,0,0.0,0.00,0,0,0.0,2,5,-627,-3,0,-1024,18,-30,0,-1024,-1024,-1,0,-1,-1,-1,-1,-1,-1,-1,-1,0x0000000000000014,7.5
2020-04-10,10:30:36.450,0,0.0,0.0,0,0,0.0,0.00,0,0,0.0,2,5,-624,-3,0,-1024,17,-30,0,-1024,-1024,-1,0,-1,-1,-1,-1,-1,-1,-1,-1,0x0000000000000014,7.5
2020-04-10,10:30:36.950,0,0.0,0.0,0,0,0.0,0.00,0,0,0.0,0,5,-627,-3,0,-1024,18,-30,0,-1024,-1024,-1,0,-1,-1,-1,-1,-1,-1,-1,-1,0x0000000000000014,7.5
2020-04-10,10:30:37.450,0,0.0,0.0,0,0,0.0,0.00,0,0,0.0,2,2,-627,-3,0,-1024,17,-30,0,-1024,-1024,-1,0,-1,-1,-1,-1,-1,-1,-1,-1,0x0000000000000014,7.5
2020-04-10,10:30:37.950,0,0.0,0.0,0,0,0.0,0.00,0,0,0.0,2,5,-627,-3,0,-1024,17,-30,0,-1024,-1024,-1,0,-1,-1,-1,-1,-1,-1,-1,-1,0x0000000000000014,7.5
2020-04-10,10:30:38.450,0,0.0,0.0,0,0,0.0,0.00,0,0,0.0,2,5,-627,-3,0,-1024,18,-30,0,-1024,-1024,-1,0,-1,-1,-1,-1,-1,-1,-1,-1,0x0000000000000014,7.5
2020-04-10,10:30:38.950,0,0.0,0.0,0,0,0.0,0.00,0,0,0.0,2,2,-627,-3,0,-1024,17,-30,0,-1024,-1024,-1,0,-1,-1,-1,-1,-1,-1,-1,-1,0x0000000000000014,7.5
2020-04-10,10:30:39.450,0,0.0,0.0,0,0,0.0,0.00,0,0,0.0,2,2,-627,-3,0,-1024,17,-30,0,-1024,-1024,-1,0,-1,-1,-1,-1,-1,-1,-1,-1,0x0000000000000014,7.5
2020-04-10,10:30:39.950,0,0.0,0.0,0,0,0.0,0.00,0,0,0.0,2,2,-627,-3,0,-1024,17,-30,0,-1024,-1024,-1,0,-1,-1,-1,-1,-1,-1,-1,-1,0x0000000000000014,7.5
2020-04-10,10:30:40.450,0,0.0,0.0,0,0,0.0,0.00,0,0,0.0,2,5,-624,-3,0,-1024,17,-30,0,-1024,-1024,-1,0,-1,-1,-1,-1,-1,-1,-1,-1,0x0000000000000014,7.5
2020-04-10,10:30:40.950,0,0.0,0.0,0,0,0.0,0.00,0,0,0.0,2,2,-627,-3,0,-1024,17,-30,0,-1024,-1024,-1,0,-1,-1,-1,-1,-1,-1,-1,-1,0x0000000000000014,7.5
2020-04-10,10:30:41.450,0,0.0,0.0,0,0,0.0,0.00,0,0,0.0,2,5,-627,-3,0,-1024,18,-30,0,-1024,-1024,-1,0,-1,-1,-1,-1,-1,-1,-1,-1,0x0000000000000014,7.5
2020-04-10,10:30:41.950,0,0.0,0.0,0,0,0.0,0.00,0,0,0.0,2,5,-624,-3,0,-1024,17,-30,0,-1024,-1024,-1,0,-1,-1,-1,-1,-1,-1,-1,-1,0x0000000000000014,7.5
2020-04-10,10:30:42.450,0,0.0,0.0,0,0,0.0,0.00,0,0,0.0,2,5,-627,-3,0,-1024,17,-30,0,-1024,-1024,-1,0,-1,-1,-1,-1,-1,-1,-1,-1,0x0000000000000014,7.5
2020-04-10,10:30:42.950,0,0.0,0.0,0,0,0.0,0.00,0,0,0.0,2,5,-624,-3,0,-1024,17,-30,0,-1024,-1024,-1,0,-1,-1,-1,-1,-1,-1,-1,-1,0x0000000000000014,7.5
2020-04-10,10:30:43.450,0,0.0,0.0,0,0,0.0,0.00,0,0,0.0,2,2,-624,-3,0,-1024,17,-30,0,-1024,-1024,-1,0,-1,-1,-1,-1,-1,-1,-1,-1,0x0000000000000014,7.5
2020-04-10,10:30:43.950,0,0.0,0.0,0,0,0.0,0.00,0,0,0.0,2,5,-627,-3,0,-1024,17,-30,0,-1024,-1024,-1,0,-1,-1,-1,-1,-1,-1,-1,-1,0x0000000000000014,7.5
2020-04-10,10:30:44.450,0,0.0,0.0,0,0,0.0,0.00,0,0,0.0,2,5,-624,-3,0,-1024,17,-30,0,-1024,-1024,-1,0,-1,-1,-1,-1,-1,-1,-1,-1,0x0000000000000014,7.5
2020-04-10,10:30:44.950,0,0.0,0.0,0,0,0.0,0.00,0,0,0.0,2,2,-627,-3,0,-1024,18,-30,0,-1024,-1024,-1,0,-1,-1,-1,-1,-1,-1,-1,-1,0x0000000000000014,7.5
2020-04-10,10:30:45.450,0,0.0,0.0,0,0,0.0,0.00,0,0,0.0,2,2,-624,-3,0,-1024,17,-30,0,-1024,-1024,-1,0,-1,-1,-1,-1,-1,-1,-1,-1,0x0000000000000014,7.5
2020-04-10,10:30:45.950,0,0.0,0.0,0,0,0.0,0.00,0,0,0.0,2,5,-624,-3,0,-1024,17,-30,0,-1024,-1024,-1,0,-1,-1,-1,-1,-1,-1,-1,-1,0x0000000000000014,7.5
2020-04-10,10:30:46.450,0,0.0,0.0,0,0,0.0,0.00,0,0,0.0,2,5,-627,-3,0,-1024,17,-30,0,-1024,-1024,-1,0,-1,-1,-1,-1,-1,-1,-1,-1,0x0000000000000014,7.5
2020-04-10,10:30:46.950,0,0.0,0.0,0,0,0.0,0.00,0,0,0.0,2,5,-627,-3,0,-1024,18,-30,0,-1024,-1024,-1,0,-1,-1,-1,-1,-1,-1,-1,-1,0x0000000000000014,7.5
2020-04-10,10:30:47.450,0,0.0,0.0,0,0,0.0,0.00,0,0,0.0,2,5,-627,-3,0,-1024,17,-30,0,-1024,-1024,-1,0,-1,-1,-1,-1,-1,-1,-1,-1,0x0000000000000014,7.5
2020-04-10,10:30:47.950,0,0.0,0.0,0,0,0.0,0.00,0,0,0.0,2,2,-627,-3,0,-1024,18,-30,0,-1024,-1024,-1,0,-1,-1,-1,-1,-1,-1,-1,-1,0x0000000000000014,7.5
2020-04-10,10:30:48.450,0,0.0,0.0,0,0,0.0,0.00,0,0,0.0,2,5,-627,-3,0,-1024,18,-30,0,-1024,-1024,-1,0,-1,-1,-1,-1,-1,-1,-1,-1,0x0000000000000014,7.5
2020-04-10,10:30:48.950,0,0.0,0.0,0,0,0.0,0.00,0,0,0.0,2,5,-627,-3,0,-1024,17,-30,0,-1024,-1024,-1,0,-1,-1,-1,-1,-1,-1,-1,-1,0x0000000000000014,7.5
2020-04-10,10:30:49.450,0,0.0,0.0,0,0,0.0,0.00,0,0,0.0,2,5,-627,-3,0,-1024,18,-30,0,-1024,-1024,-1,0,-1,-1,-1,-1,-1,-1,-1,-1,0x0000000000000014,7.5
2020-04-10,10:30:49.950,0,0.0,0.0,0,0,0.0,0.00,0,0,0.0,2,5,-627,-3,0,-1024,17,-30,0,-1024,-1024,-1,0,-1,-1,-1,-1,-1,-1,-1,-1,0x0000000000000014,7.5
2020-04-10,10:30:50.450,0,0.0,0.0,0,0,0.0,0.00,0,0,0.0,2,5,-627,-3,0,-1024,17,-30,0,-1024,-1024,-1,0,-1,-1,-1,-1,-1,-1,-1,-1,0x0000000000000014,7.5
2020-04-10,10:30:50.950,0,0.0,0.0,0,0,0.0,0.00,0,0,0.0,2,2,-627,-3,0,-1024,17,-30,0,-1024,-1024,-1,0,-1,-1,-1,-1,-1,-1,-1,-1,0x0000000000000014,7.5
2020-04-10,10:30:51.450,0,0.0,0.0,0,0,0.0,0.00,0,0,0.0,2,5,-627,-3,0,-1024,17,-30,0,-1024,-1024,-1,0,-1,-1,-1,-1,-1,-1,-1,-1,0x0000000000000014,7.5
2020-04-10,10:30:51.950,0,0.0,0.0,0,0,0.0,0.00,0,0,0.0,2,2,-627,-3,0,-1024,18,-30,0,-1024,-1024,-1,0,-1,-1,-1,-1,-1,-1,-1,-1,0x0000000000000014,7.5
2020-04-10,10:30:52.450,0,0.0,0.0,0,0,0.0,0.00,0,0,0.0,2,5,-627,-3,0,-1024,17,-30,0,-1024,-1024,-1,0,-1,-1,-1,-1,-1,-1,-1,-1,0x0000000000000014,7.5
2020-04-10,10:30:52.950,0,0.0,0.0,0,0,0.0,0.00,0,0,0.0,2,2,-627,-3,0,-1024,17,-30,0,-1024,-1024,-1,0,-1,-1,-1,-1,-1,-1,-1,-1,0x0000000000000014,7.5
2020-04-10,10:30:53.450,0,0.0,0.0,0,0,0.0,0.00,0,0,0.0,2,5,-624,-3,0,-1024,17,-30,0,-1024,-1024,-1,0,-1,-1,-1,-1,-1,-1,-1,-1,0x0000000000000014,7.5
2020-04-10,10:30:53.950,0,0.0,0.0,0,0,0.0,0.00,0,0,0.0,2,5,-627,-3,0,-1024,17,-30,0,-1024,-1024,-1,0,-1,-1,-1,-1,-1,-1,-1,-1,0x0000000000000014,7.5
2020-04-10,10:30:54.450,0,0.0,0.0,0,0,0.0,0.00,0,0,0.0,2,2,-627,-3,0,-1024,18,-30,0,-1024,-1024,-1,0,-1,-1,-1,-1,-1,-1,-1,-1,0x0000000000000014,7.5
2020-04-10,10:30:54.950,0,0.0,0.0,0,0,0.0,0.00,0,0,0.0,2,5,-627,-3,0,-1024,17,-30,0,-1024,-1024,-1,0,-1,-1,-1,-1,-1,-1,-1,-1,0x0000000000000014,7.5
2020-04-10,10:30:55.450,0,0.0,0.0,0,0,0.0,0.00,0,0,0.0,2,5,-627,-3,0,-1024,18,-30,0,-1024,-1024,-1,0,-1,-1,-1,-1,-1,-1,-1,-1,0x0000000000000014,7.5
2020-04-10,10:30:55.950,0,0.0,0.0,0,0,0.0,0.00,0,0,0.0,2,2,-627,-3,0,-1024,17,-30,0,-1024,-1024,-1,0,-1,-1,-1,-1,-1,-1,-1,-1,0x0000000000000014,7.5
2020-04-10,10:30:56.450,0,0.0,0.0,0,0,0.0,0.00,0,0,0.0,2,2,-627,-3,0,-1024,18,-30,0,-1024,-1024,-1,0,-1,-1,-1,-1,-1,-1,-1,-1,0x0000000000000014,7.5
2020-04-10,10:30:56.950,0,0.0,0.0,0,0,0.0,0.00,0,0,0.0,2,2,-624,-3,0,-1024,17,-30,0,-1024,-1024,-1,0,-1,-1,-1,-1,-1,-1,-1,-1,0x0000000000000014,7.5
2020-04-10,10:30:57.450,0,0.0,0.0,0,0,0.0,0.00,0,0,0.0,2,5,-627,-3,0,-1024,17,-30,0,-1024,-1024,-1,0,-1,-1,-1,-1,-1,-1,-1,-1,0x0000000000000014,7.5
2020-04-10,10:30:57.950,0,0.0,0.0,0,0,0.0,0.00,0,0,0.0,2,2,-627,-3,0,-1024,17,-30,0,-1024,-1024,-1,0,-1,-1,-1,-1,-1,-1,-1,-1,0x0000000000000014,7.5
2020-04-10,10:30:58.450,0,0.0,0.0,0,0,0.0,0.00,0,0,0.0,2,5,-627,-3,0,-1024,17,-30,0,-1024,-1024,-1,0,-1,-1,-1,-1,-1,-1,-1,-1,0x0000000000000014,7.5
2020-04-10,10:30:58.950,0,0.0,0.0,0,0,0.0,0.00,0,0,0.0,2,2,-627,-3,0,-1024,17,-30,0,-1024,-1024,-1,0,-1,-1,-1,-1,-1,-1,-1,-1,0x0000000000000014,7.5
2020-04-10,10:30:59.450,0,0.0,0.0,0,0,0.0,0.00,0,0,0.0,2,2,-627,-3,0,-1024,18,-30,0,-1024,-1024,-1,0,-1,-1,-1,-1,-1,-1,-1,-1,0x0000000000000014,7.5
2020-04-10,10:30:59.950,0,0.0,0.0,0,0,0.0,0.00,0,0,0.0,2,5,-627,-3,0,-1024,18,-30,0,-1024,-1024,-1,0,-1,-1,-1,-1,-1,-1,-1,-1,0x0000000000000014,7.5
2020-04-10,10:31:00.450,0,0.0,0.0,0,0,0.0,0.00,0,0,0.0,2,2,-627,-3,0,-1024,17,-30,0,-1024,-1024,-1,0,-1,-1,-1,-1,-1,-1,-1,-1,0x0000000000000014,7.5
2020-04-10,10:31:00.950,0,0.0,0.0,0,0,0.0,0.00,0,0,0.0,2,5,-627,-3,0,-1024,17,-30,0,-1024,-1024,-1,0,-1,-1,-1,-1,-1,-1,-1,-1,0x0000000000000014,7.5
2020-04-10,10:31:01.450,0,0.0,0.0,0,0,0.0,0.00,0,0,0.0,2,5,-627,-3,0,-1024,17,-30,0,-1024,-1024,-1,0,-1,-1,-1,-1,-1,-1,-1,-1,0x0000000000000014,7.5
2020-04-10,10:31:01.950,0,0.0,0.0,0,0,0.0,0.00,0,0,0.0,2,5,-627,-3,0,-1024,17,-30,0,-1024,-1024,-1,0,-1,-1,-1,-1,-1,-1,-1,-1,0x0000000000000014,7.5
2020-04-10,10:31:02.450,0,0.0,0.0,0,0,0.0,0.00,0,0,0.0,2,2,-627,-3,0,-1024,18,-30,0,-1024,-1024,-1,0,-1,-1,-1,-1,-1,-1,-1,-1,0x0000000000000014,7.5
2020-04-10,10:31:02.950,0,0.0,0.0,0,0,0.0,0.00,0,0,0.0,2,5,-624,-3,0,-1024,17,-30,0,-1024,-1024,-1,0,-1,-1,-1,-1,-1,-1,-1,-1,0x0000000000000014,7.5
2020-04-10,10:31:03.450,0,0.0,0.0,0,0,0.0,0.00,0,0,0.0,2,5,-624,-3,0,-1024,18,-30,0,-1024,-1024,-1,0,-1,-1,-1,-1,-1,-1,-1,-1,0x0000000000000014,7.5
2020-04-10,10:31:03.950,0,0.0,0.0,0,0,0.0,0.00,0,0,0.0,2,5,-624,-3,0,-1024,17,-30,0,-1024,-1024,-1,0,-1,-1,-1,-1,-1,-1,-1,-1,0x0000000000000014,7.5
2020-04-10,10:31:04.450,0,0.0,0.0,0,0,0.0,0.00,0,0,0.0,2,5,-627,-3,0,-1024,17,-30,0,-1024,-1024,-1,0,-1,-1,-1,-1,-1,-1,-1,-1,0x0000000000000014,7.5
2020-04-10,10:31:04.950,0,0.0,0.0,0,0,0.0,0.00,0,0,0.0,2,2,-627,-3,0,-1024,17,-30,0,-1024,-1024,-1,0,-1,-1,-1,-1,-1,-1,-1,-1,0x0000000000000014,7.5
2020-04-10,10:31:05.450,0,0.0,0.0,0,0,0.0,0.00,0,0,0.0,2,2,-627,-3,0,-1024,17,-30,0,-1024,-1024,-1,0,-1,-1,-1,-1,-1,-1,-1,-1,0x0000000000000014,7.5
2020-04-10,10:31:05.950,0,0.0,0.0,0,0,0.0,0.00,0,0,0.0,2,5,-624,-3,0,-1024,17,-30,0,-1024,-1024,-1,0,-1,-1,-1,-1,-1,-1,-1,-1,0x0000000000000014,7.5
2020-04-10,10:31:06.450,0,0.0,0.0,0,0,0.0,0.00,0,0,0.0,2,5,-627,-3,0,-1024,18,-30,0,-1024,-1024,-1,0,-1,-1,-1,-1,-1,-1,-1,-1,0x0000000000000014,7.5
2020-04-10,10:31:06.950,0,0.0,0.0,0,0,0.0,0.00,0,0,0.0,2,2,-627,-3,0,-1024,18,-30,0,-1024,-1024,-1,0,-1,-1,-1,-1,-1,-1,-1,-1,0x0000000000000014,7.5
2020-04-10,10:31:07.450,0,0.0,0.0,0,0,0.0,0.00,0,0,0.0,2,2,-627,-3,0,-1024,17,-30,0,-1024,-1024,-1,0,-1,-1,-1,-1,-1,-1,-1,-1,0x0000000000000014,7.5
2020-04-10,10:31:07.950,0,0.0,0.0,0,0,0.0,0.00,0,0,0.0,2,5,-627,-3,0,-1024,18,-30,0,-1024,-1024,-1,0,-1,-1,-1,-1,-1,-1,-1,-1,0x0000000000000014,7.5
2020-04-10,10:31:08.450,0,0.0,0.0,0,0,0.0,0.00,0,0,0.0,2,5,-627,-3,0,-1024,17,-30,0,-1024,-1024,-1,0,-1,-1,-1,-1,-1,-1,-1,-1,0x0000000000000014,7.5
2020-04-10,10:31:08.950,0,0.0,0.0,0,0,0.0,0.00,0,0,0.0,2,5,-627,-3,0,-1024,17,-30,0,-1024,-1024,-1,0,-1,-1,-1,-1,-1,-1,-1,-1,0x0000000000000014,7.5
2020-04-10,10:31:09.450,0,0.0,0.0,0,0,0.0,0.00,0,0,0.0,2,5,-627,-3,0,-1024,17,-30,0,-1024,-1024,-1,0,-1,-1,-1,-1,-1,-1,-1,-1,0x0000000000000014,7.5
2020-04-10,10:31:09.950,0,0.0,0.0,0,0,0.0,0.00,0,0,0.0,2,5,-624,-3,0,-1024,17,-30,0,-1024,-1024,-1,0,-1,-1,-1,-1,-1,-1,-1,-1,0x0000000000000014,7.5
2020-04-10,10:31:10.450,0,0.0,0.0,0,0,0.0,0.00,0,0,0.0,2,5,-627,-3,0,-1024,18,-30,0,-1024,-1024,-1,0,-1,-1,-1,-1,-1,-1,-1,-1,0x0000000000000014,7.5
2020-04-10,10:31:10.950,0,0.0,0.0,0,0,0.0,0.00,0,0,0.0,2,5,-624,-3,0,-1024,17,-30,0,-1024,-1024,-1,0,-1,-1,-1,-1,-1,-1,-1,-1,0x0000000000000014,7.5
2020-04-10,10:31:11.450,0,0.0,0.0,0,0,0.0,0.00,0,0,0.0,2,2,-627,-3,0,-1024,18,-30,0,-1024,-1024,-1,0,-1,-1,-1,-1,-1,-1,-1,-1,0x0000000000000014,7.5
2020-04-10,10:31:11.950,0,0.0,0.0,0,0,0.0,0.00,0,0,0.0,2,2,-627,-3,0,-1024,17,-30,0,-1024,-1024,-1,0,-1,-1,-1,-1,-1,-1,-1,-1,0x0000000000000014,7.5
2020-04-10,10:31:12.450,0,0.0,0.0,0,0,0.0,0.00,0,0,0.0,2,5,-627,-3,0,-1024,17,-30,0,-1024,-1024,-1,0,-1,-1,-1,-1,-1,-1,-1,-1,0x0000000000000014,7.5
2020-04-10,10:31:12.950,0,0.0,0.0,0,0,0.0,0.00,0,0,0.0,2,5,-627,-3,0,-1024,17,-30,0,-1024,-1024,-1,0,-1,-1,-1,-1,-1,-1,-1,-1,0x0000000000000014,7.5
2020-04-10,10:31:13.450,0,0.0,0.0,0,0,0.0,0.00,0,0,0.0,2,5,-627,-3,0,-1024,17,-30,0,-1024,-1024,-1,0,-1,-1,-1,-1,-1,-1,-1,-1,0x0000000000000014,7.5
2020-04-10,10:31:13.950,0,0.0,0.0,0,0,0.0,0.00,0,0,0.0,2,2,-627,-3,0,-1024,17,-30,0,-1024,-1024,-1,0,-1,-1,-1,-1,-1,-1,-1,-1,0x0000000000000014,7.5
2020-04-10,10:31:14.460,0,0.0,0.0,0,0,0.0,0.00,0,0,0.0,2,5,-627,0,0,-1024,17,-30,0,-1024,-1024,-1,0,-1,-1,-1,-1,-1,-1,-1,-1,0x0000000000000014,7.5
2020-04-10,10:31:14.960,0,0.0,0.0,0,0,0.0,0.00,0,0,0.0,0,5,-627,-3,0,-1024,17,-30,0,-1024,-1024,-1,0,-1,-1,-1,-1,-1,-1,-1,-1,0x0000000000000014,7.5
2020-04-10,10:31:15.460,0,0.0,0.0,0,0,0.0,0.00,0,0,0.0,2,2,-627,-3,0,-1024,17,-30,0,-1024,-1024,-1,0,-1,-1,-1,-1,-1,-1,-1,-1,0x0000000000000014,7.5
2020-04-10,10:31:15.960,0,0.0,0.0,0,0,0.0,0.00,0,0,0.0,2,2,-627,-3,0,-1024,17,-30,0,-1024,-1024,-1,0,-1,-1,-1,-1,-1,-1,-1,-1,0x0000000000000014,7.5
2020-04-10,10:31:16.460,0,0.0,0.0,0,0,0.0,0.00,0,0,0.0,0,2,-627,-3,0,-1024,17,-30,0,-1024,-1024,-1,0,-1,-1,-1,-1,-1,-1,-1,-1,0x0000000000000014,7.5
2020-04-10,10:31:16.960,0,0.0,0.0,0,0,0.0,0.00,0,0,0.0,0,5,-627,-3,0,-1024,17,-30,0,-1024,-1024,-1,0,-1,-1,-1,-1,-1,-1,-1,-1,0x0000000000000014,7.5
2020-04-10,10:31:17.460,0,0.0,0.0,0,0,0.0,0.00,0,0,0.0,0,5,-627,0,0,-1024,18,-30,0,-1024,-1024,-1,0,-1,-1,-1,-1,-1,-1,-1,-1,0x0000000000000014,7.5
2020-04-10,10:31:17.960,0,0.0,0.0,0,0,0.0,0.00,0,0,0.0,0,5,-627,-3,0,-1024,17,-30,0,-1024,-1024,-1,0,-1,-1,-1,-1,-1,-1,-1,-1,0x0000000000000014,7.5
2020-04-10,10:31:18.460,0,0.0,0.0,0,0,0.0,0.00,0,0,0.0,0,5,-627,-3,0,-1024,17,-30,0,-1024,-1024,-1,0,-1,-1,-1,-1,-1,-1,-1,-1,0x0000000000000014,7.5
2020-04-10,10:31:18.960,0,0.0,0.0,0,0,0.0,0.00,0,0,0.0,2,2,-627,-3,0,-1024,17,-30,0,-1024,-1024,-1,0,-1,-1,-1,-1,-1,-1,-1,-1,0x0000000000000014,7.5
2020-04-10,10:31:19.460,0,0.0,0.0,0,0,0.0,0.00,0,0,0.0,2,5,-627,-3,0,-1024,18,-30,0,-1024,-1024,-1,0,-1,-1,-1,-1,-1,-1,-1,-1,0x0000000000000014,7.5
2020-04-10,10:31:19.960,0,0.0,0.0,0,0,0.0,0.00,0,0,0.0,0,5,-627,-3,0,-1024,17,-30,0,-1024,-1024,-1,0,-1,-1,-1,-1,-1,-1,-1,-1,0x0000000000000014,7.5
2020-04-10,10:31:20.460,0,0.0,0.0,0,0,0.0,0.00,0,0,0.0,2,5,-627,-3,0,-1024,18,-30,0,-1024,-1024,-1,0,-1,-1,-1,-1,-1,-1,-1,-1,0x0000000000000014,7.5
2020-04-10,10:31:20.960,0,0.0,0.0,0,0,0.0,0.00,0,0,0.0,2,2,-627,-3,0,-1024,18,-30,0,-1024,-1024,-1,0,-1,-1,-1,-1,-1,-1,-1,-1,0x0000000000000014,7.5
2020-04-10,10:31:21.460,0,0.0,0.0,0,0,0.0,0.00,0,0,0.0,0,2,-1024,-3,0,-1024,17,-30,0,-1024,-1024,-1,0,-1,-1,-1,-1,-1,-1,-1,-1,0x000000000000000C,7.5
2020-04-10,10:31:24.870,0,0.0,0.0,0,0,0.0,0.00,0,0,0.0,2,2,-1024,-3,0,-1024,18,-30,0,-1024,-1024,-1,0,-1,-1,-1,-1,-1,1,-1,-1,0x000000000000000F,7.5
2020-04-10,10:31:25.360,0,0.0,0.0,0,0,0.0,0.00,0,0,0.0,2,5,-1024,-3,0,-1024,17,-30,0,-1024,-1024,-1,0,-1,-1,-1,-1,-1,-1,-1,-1,0x000000000000000D,7.5
2020-04-10,10:31:25.860,0,0.0,0.0,0,0,0.0,0.00,0,0,0.0,2,2,-1024,-3,0,-1024,18,-30,0,-1024,-1024,-1,0,-1,-1,-1,-1,-1,-1,-1,-1,0x000000000000000D,7.5
2020-04-10,10:58:43.730,0,0.0,0.0,0,0,0.0,0.00,0,0,0.0,1024,5,-1024,-3,0,-1024,17,-30,0,-1024,-1000,-1,-1,-1,-1,-1,-1,-1,1,-1,-1,0x000000000000000F,7.4
2020-04-10,10:58:44.220,0,0.0,0.0,0,0,0.0,0.00,0,0,0.0,711,5,-1024,-3,0,-1024,17,-30,0,-1024,-1000,-1,-1,-1,-1,-1,-1,-1,-1,-1,-1,0x000000000000000D,7.4
2020-04-10,10:58:44.720,0,0.0,0.0,0,0,0.0,0.00,0,0,0.0,2,5,-850,-3,0,-1024,17,-30,0,-1024,-1000,-1,-1,-1,-1,-1,-1,-1,-1,-1,-1,0x0000000000000015,7.4
2020-04-10,10:58:45.220,0,0.0,0.0,0,0,0.0,0.00,0,0,0.0,2,5,-891,-3,-1,-1024,18,-30,0,-1024,-1000,-1,-1,-1,-1,-1,-1,-1,-1,-1,-1,0x0000000000000014,7.4
2020-04-10,10:58:45.720,0,0.0,0.0,0,0,0.0,0.00,0,0,0.0,2,5,-891,-3,-1,-1024,17,-30,0,-1024,-1000,-1,-1,-1,-1,-1,-1,-1,-1,-1,-1,0x0000000000000014,7.4
2020-04-10,10:58:46.220,0,0.0,0.0,0,0,0.0,0.00,0,0,0.0,2,5,-891,-3,0,-1024,17,-30,0,-1024,-1000,-1,-1,-1,-1,-1,-1,-1,-1,-1,-1,0x0000000000000014,7.4
2020-04-10,10:58:46.720,0,0.0,0.0,0,0,0.0,0.00,0,0,0.0,2,5,-891,-3,0,-1024,17,-30,0,-1024,-1003,-1,-1,-1,-1,-1,-1,-1,-1,-1,-1,0x0000000000000014,7.4
2020-04-10,10:58:47.220,0,0.0,0.0,0,0,0.0,0.00,0,0,0.0,2,5,-891,-3,0,-1024,17,-30,0,-1024,-1003,-1,-1,-1,-1,-1,-1,-1,-1,-1,-1,0x0000000000000014,7.4
2020-04-10,10:58:47.720,0,0.0,0.0,0,0,0.0,0.00,0,0,0.0,2,5,-889,-3,0,-1024,17,-30,0,-1024,-1003,-1,-1,-1,-1,-1,-1,-1,-1,-1,-1,0x0000000000000014,7.4
2020-04-10,10:58:48.220,0,0.0,0.0,0,0,0.0,0.00,0,0,0.0,2,5,-891,-3,0,-1024,17,-30,0,-1024,-1002,-1,-1,-1,-1,-1,-1,-1,-1,-1,-1,0x0000000000000014,7.4
2020-04-10,10:58:48.720,0,0.0,0.0,0,0,0.0,0.00,0,0,0.0,2,5,-891,-3,0,-1024,18,-30,0,-1024,-1003,-1,-1,-1,-1,-1,-1,-1,-1,-1,-1,0x0000000000000014,7.4
2020-04-10,10:58:49.220,0,0.0,0.0,0,0,0.0,0.00,0,0,0.0,2,5,-891,-3,0,-1024,17,-30,0,-1024,-1003,-1,-1,-1,-1,-1,-1,-1,-1,-1,-1,0x0000000000000014,7.4
2020-04-10,10:58:49.720,0,0.0,0.0,0,0,0.0,0.00,0,0,0.0,2,5,-891,-3,0,-1024,17,-30,0,-1024,-1003,-1,-1,-1,-1,-1,-1,-1,-1,-1,-1,0x0000000000000014,7.4
2020-04-10,10:58:50.220,0,0.0,0.0,0,0,0.0,0.00,0,0,0.0,2,5,-889,-3,0,-1024,17,-30,0,-1024,-1003,-1,-1,-1,-1,-1,-1,-1,-1,-1,-1,0x0000000000000014,7.4
2020-04-10,10:58:50.720,0,0.0,0.0,0,0,0.0,0.00,0,0,0.0,2,5,-891,-3,0,-1024,17,-30,0,-1024,-1003,-1,-1,-1,-1,-1,-1,-1,-1,-1,-1,0x0000000000000014,7.4
2020-04-10,10:58:51.220,0,0.0,0.0,0,0,0.0,0.00,0,0,0.0,2,5,-891,-3,0,-1024,18,-30,0,-1024,-1003,-1,-1,-1,-1,-1,-1,-1,-1,-1,-1,0x0000000000000014,7.4
2020-04-10,10:58:51.720,0,0.0,0.0,0,0,0.0,0.00,0,0,0.0,2,5,-891,-3,0,-1024,17,-30,0,-1024,-1003,-1,-1,-1,-1,-1,-1,-1,-1,-1,-1,0x0000000000000014,7.4
2020-04-10,10:58:52.220,0,0.0,0.0,0,0,0.0,0.00,0,0,0.0,2,5,-891,-3,0,-1024,18,-30,0,-1024,-1003,-1,-1,-1,-1,-1,-1,-1,-1,-1,-1,0x0000000000000014,7.4
2020-04-10,10:58:52.720,0,0.0,0.0,0,0,0.0,0.00,0,0,0.0,2,5,-889,-3,0,-1024,18,-30,0,-1024,-1003,-1,-1,-1,-1,-1,-1,-1,-1,-1,-1,0x0000000000000014,7.4
2020-04-10,10:58:53.220,0,0.0,0.0,0,0,0.0,0.00,0,0,0.0,2,5,-889,-3,0,-1024,17,-30,0,-1024,-1003,-1,-1,-1,-1,-1,-1,-1,-1,-1,-1,0x0000000000000014,7.4
2020-04-10,10:58:53.720,0,0.0,0.0,0,0,0.0,0.00,0,0,0.0,2,5,-889,-3,0,-1024,17,-30,0,-1024,-1002,-1,-1,-1,-1,-1,-1,-1,-1,-1,-1,0x0000000000000014,7.4
2020-04-10,10:58:54.220,0,0.0,0.0,0,0,0.0,0.00,0,0,0.0,2,5,-889,-3,0,-1024,17,-30,0,-1024,-1002,-1,-1,-1,-1,-1,-1,-1,-1,-1,-1,0x0000000000000014,7.4
2020-04-10,10:59:15.660,0,0.0,0.0,0,0,0.0,0.00,0,0,0.0,1024,2,-1024,-3,0,-1024,18,-30,0,-1024,-1015,-1,-1,-1,-1,-1,-1,-1,1,-1,-1,0x000000000000000F,7.4
2020-04-10,10:59:16.150,0,0.0,0.0,0,0,0.0,0.00,0,0,0.0,452,5,-965,-3,0,-1024,18,-30,0,-1024,-1015,-1,-1,-1,-1,-1,-1,-1,-1,-1,-1,0x0000000000000015,7.4
2020-04-10,10:59:16.660,0,0.0,0.0,0,0,0.0,0.00,0,0,0.0,2,5,-765,-3,-1,-1024,18,-30,0,-1024,-1015,-1,-1,-1,-1,-1,-1,-1,-1,-1,-1,0x0000000000000015,7.4
2020-04-10,10:59:17.160,0,0.0,0.0,0,0,0.0,0.00,0,0,0.0,2,5,-795,-3,-1,-1024,17,-30,0,-1024,-1015,-1,-1,-1,-1,-1,-1,-1,-1,-1,-1,0x0000000000000014,7.4
2020-04-10,10:59:17.660,0,0.0,0.0,0,0,0.0,0.00,0,0,0.0,2,5,-812,-3,0,-1024,17,-30,0,-1024,-1015,-1,-1,-1,-1,-1,-1,-1,-1,-1,-1,0x0000000000000014,7.4
2020-04-10,10:59:18.160,0,0.0,0.0,0,0,0.0,0.00,0,0,0.0,2,5,-842,-3,-1,-1024,17,-30,0,-1024,-1015,-1,-1,-1,-1,-1,-1,-1,-1,-1,-1,0x0000000000000014,7.4
2020-04-10,10:59:18.660,0,0.0,0.0,0,0,0.0,0.00,0,0,0.0,2,5,-842,-3,-1,-1024,18,-30,0,-1024,-1015,-1,-1,-1,-1,-1,-1,-1,-1,-1,-1,0x0000000000000014,7.4
2020-04-10,10:59:19.160,0,0.0,0.0,0,0,0.0,0.00,0,0,0.0,2,8,-845,1007,-1,-1024,17,-30,0,-1024,-1015,-1,-1,-1,-1,-1,-1,-1,-1,-1,-1,0x0000000000000014,7.4
2020-04-10,10:59:19.660,0,0.0,0.0,0,0,0.0,0.00,0,0,0.0,2,8,-845,223,0,-1024,18,-30,0,-1024,-1015,-1,-1,-1,-1,-1,-1,-1,-1,-1,-1,0x0000000000000014,7.4
2020-04-10,10:59:20.160,0,0.0,0.0,0,0,0.0,0.00,0,0,0.0,2,8,-842,1020,-1,-1024,18,-30,0,-1024,-1015,-1,-1,-1,-1,-1,-1,-1,-1,-1,-1,0x0000000000000014,7.4
2020-04-10,10:59:20.660,0,0.0,0.0,0,0,0.0,0.00,0,0,0.0,2,8,-842,1020,0,-1024,17,-30,0,-1024,-1015,-1,-1,-1,-1,-1,-1,-1,-1,-1,-1,0x0000000000000014,7.4
2020-04-10,10:59:21.160,0,0.0,0.0,0,0,0.0,0.00,0,0,0.0,2,8,-842,1020,0,-1024,18,-30,0,-1024,-1015,-1,-1,-1,-1,-1,-1,-1,-1,-1,-1,0x0000000000000014,7.4
2020-04-10,10:59:21.660,0,0.0,0.0,0,0,0.0,0.00,0,0,0.0,2,8,-842,1024,-1,-1024,18,-30,0,-1024,-1015,-1,-1,-1,-1,-1,-1,-1,-1,-1,-1,0x0000000000000014,7.4
2020-04-10,10:59:22.160,0,0.0,0.0,0,0,0.0,0.00,0,0,0.0,2,8,-842,1024,-1,-1024,18,-30,0,-1024,-1015,-1,-1,-1,-1,-1,-1,-1,-1,-1,-1,0x0000000000000014,7.4
